surname,frequency,example_full_names,constituencies,years
KRISHNA,6,Krishna Swaroop Vadlamuri | Krishna Prasad Sabbathi | Krishna Velagada,"AMALAPURAM (SC), BAPATLA (SC), PARVATHIPURAM (SC), PAYAKARAOPET (SC), VICARADAB (SC)","2009, 2024"
MANDA,5,Manda Sarath Babu | Manda Krishnaiah | Manda Krishna Madiga,"GUDUR (SC), MADIRA (SC), SANTHANUTHALAPADU (SC), VEMURU (SC), WARDHANAPET (SC)","2009, 2024"
KORIVI,4,Korivi Rajini Kanth | Korivi Vinaya Kumar | Korivi Vinay Kumar,PRATHIPADU (SC),"2009, 2019, 2024"
AITHABATHULA,3,Aithabathula Anandarao | Aithabathula Subhashini | Aithabathula Anandarao,AMALAPURAM (SC),"2009, 2024"
SINGAMALA,3,Singamala Venkateshwarlu | Singamala Venkateshwarlu | Singamala Venkateswarlu,"BADVEL (SC), BADVEL (SC) : BYE ELECTION ON 30-10-2021","2009, 2019, 2024"
VENKATA,3,Venkata Chaitanya Lakkapamu | Venkata Rao Talari | Venkata Subbanna Yata,"CHINTALAPUDI (SC), KOVVUR (SC), SINGANAMALA (SC)",2024
RAMU,3,Ramu K | Ramu Varikut | M J RAMU,"GANGADHARA NELLORE (SC), SANTHANUTHALAPADU (SC), SECUNDERABAD CANTT. (SC)","2009, 2024"
RAPAKA,3,Rapaka Hareesh Kumar | Rapaka Vara Prasada Rao | Rapaka Varaprasada Rao,"AMALAPURAM (SC), GOPALAPURAM (SC), RAZOLE (SC)","2009, 2024"
KAMALA,3,Kamala Arugolanu | J. Kamala Prabhas | Kamala Raju Lingala,"BADVEL (SC), KOVVUR (SC), MADIRA (SC)","2009, 2024"
KONDETI,3,Kondeti Prabhakaraa Reddy | Kondeti Prabakara Reddy | Kondeti Sridhar,"GANNAVARAM (SC), RAZOLE (SC), WARDHANAPET (SC)","2009, 2024"
VIJAY,3,Vijay Kumar Bn | Vijay Kumar G.Srkr | Vijay Paul Kolakaluri,"SANTHANUTHALAPADU (SC), SATYAVEDU (SC), VEMURU (SC)",2024
SAKE,3,Dr. Sake Sailajanath | Sake Sreedevi | Sake Sailajanath,SINGANAMALA (SC),"2009, 2024"
ANANDA,3,Ananda Babu Nakka | Ananda Babu Srungarapati | Ananda Babu Nakka,"TADIKONDA (SC), VEMURU (SC)","2019, 2024"
VENKATESWARLU,3,Venkateswarlu Darsi | Venkateswarlu Yanamadini | Venkateswarlu Gude,"AMALAPURAM (SC), KONDAPI (SC), YERRAGONDAPALEM (SC)","2009, 2024"
PILLI,3,Pilli Baburao | Pilli Balaramudu | Pilli Chenna Kesavulu,"PAYAKARAOPET (SC), TADIKONDA (SC), YERRAGONDAPALEM(SC)","2009, 2019"
GADDAM,3,Gaddam Bala Swamy | GADDAM RAJESH | Gaddam Nagaraju,"ALAMPUR (SC), DHARMAPURI (SC), MANAKONDUR (SC)",2009
AITABATHULA,2,Aitabathula Abhimanyudu | Aitabathula Ananda Babu,AMALAPURAM (SC),2024
DEVARAPALLI,2,Devarapalli Rajiv | Devarapalli Venkata Seshagiri Rao,"AMALAPURAM (SC), KONDAPI (SC)","2009, 2024"
DASARI,2,Dasari Sudha | Dasari Sudha,"BADVEL (SC), BADVEL (SC) : BYE ELECTION ON 30-10-2021","2019, 2024"
MADDELA,2,Maddela Mallikarjuna Rao | MADDELA RAVINDAR,"BADVEL (SC), DHARMAPURI (SC)","2009, 2024"
PALLIPATTU,2,Pallipattu Gunasekhar | Pallipattu Abhinav Vishnu,"CHITTOOR (SC), GANGADHARA NELLORE (SC)",2024
RAMESH,2,Ramesh Babu Deyala | Ramesh Babu Tenali,"GANGADHARA NELLORE (SC), TADIKONDA (SC)",2024
RAMA,2,V. Rama Raju | T. V. RAMA RAO,"GANGADHARA NELLORE (SC), KOVVUR (SC)","2009, 2024"
GIDDI,2,Giddi. Satyanarayana S/O Mahalakshmi | Giddi Jnana Prakasarao,"AMALAPURAM (SC), GANNAVARAM (SC)",2024
SATYANARAYANA,2,Satyanarayana Giddi S/O China Arjanna | Satyanarayana. Giddi S/O Rama Swamy,GANNAVARAM (SC),2024
BATHULA,2,Bathula Venu | Bathula Lakshmana Rao,"GOPALAPURAM (SC), RAZOLE (SC)","2009, 2024"
SUNEEL,2,Suneel Raju Darla | M Suneel Kumar,"GUDUR (SC), PUTHALAPATTU (SC)",2024
AMBATI,2,Ambati Sivaiah | Ambati Krishna Murthy,"AMALAPURAM (SC), KODUR (SC)","2009, 2024"
KORAMUTLA,2,Koramutla Sreenivasulu | Koramutla Venkata Subbaiah,KODUR (SC),"2009, 2024"
LAKSHMI,2,Lakshmi Narasaiah Pandikalla | Lakshmi Naresh Kaaki,KODUR (SC),2024
TUMMALA,2,Tummala Suresh | Tummala Sridhar,"KODUR (SC), WARDHANAPET (SC)","2009, 2024"
DOCTOR,2,Doctor Dola Sree Bala Veeranjaneya Swamy | Doctor Goda Ramesh Kumar,"BADVEL (SC) : BYE ELECTION ON 30-10-2021, KONDAPI (SC)","2019, 2024"
AUDIMULAPU,2,Audimulapu Suresh | Audimulapu Suresh,"KONDAPI (SC), YERRAGONDAPALEM(SC)","2009, 2024"
KANAPARTHI,2,Kanaparthi Sivaramulu | Kanaparthi Sharathbabu,"KONDAPI (SC), VEMURU (SC)",2024
MAMIDI,2,Mamidi Maalyadri | Mamidi Sarvaiah,"KONDAPI (SC), NAKREKAL (SC)","2009, 2024"
MENDA,2,Menda Balakotaiah | Menda Koteswara Rao,KONDAPI (SC),"2009, 2024"
SUJATHA,2,Sujatha Vighnam | Sujatha Gangada,KONDAPI (SC),"2009, 2024"
MUPPIDI,2,Muppidi Venkateswara Rao | Muppidi Sekhar Babu,KOVVUR (SC),2024
BONTHA,2,Bontha Kishore | Bontha Praveen Das,"KOVVUR (SC), VEMURU (SC)","2009, 2024"
TANGIRALA,2,Tangirala Sowmya | Tangirala Sowmya,NANDIGAMA (SC),"2014, 2024"
KATARAPU,2,Katarapu Santharao | Katarapu Pullaiah,NANDIGAMA (SC),"2014, 2024"
SUNDARA,2,Sundara Rao. Kottapalli | K. Sundara Raj,"NANDIGAMA (SC), PUTHALAPATTU (SC)","2009, 2024"
BABU,2,Babu Rajendraprasad. Rayavarapu | M Babu,"PAMARRU (SC), PUTHALAPATTU (SC)",2024
RAJA,2,M Raja Manohar | R Raja,"PAMARRU (SC), PUTHALAPATTU (SC)",2024
BONELA,2,Bonela Vijaya Chandra | Bonela Mohan Das,PARVATHIPURAM (SC),"2009, 2024"
KUPPILI,2,Kuppili Venkata Ramana | Kuppili Chaitanyakumar,"PARVATHIPURAM (SC), RAJAM (SC)",2024
KATHI,2,Kathi Arun Kumar | Kathi Padma Rao,"PRATHIPADU (SC), VEMURU (SC)","2009, 2024"
KONDRU,2,Kondru Murali Mohan | Kondru Murali Mohan,RAJAM (SC),"2009, 2024"
KAMBALA,2,Kambala Rajavardhana | Kambala Jogulu,RAJAM (SC),"2009, 2024"
KIRAN,2,C Kiran Kumar | V. Kiran,SATYAVEDU (SC),2024
DODDA,2,Dodda Musalaiah | Dodda Nagamalli Raju,"PRATHIPADU (SC), TADIKONDA (SC)","2019, 2024"
GURRAM,2,Gurram Ramarao | Gurram Thimothi,"GHANPUR (STATION) (SC), TADIKONDA (SC)","2009, 2024"
MANCHALA,2,Manchala Sushil Raja | Manchala Bujji Babu,"PRATHIPADU (SC), TADIKONDA (SC)","2009, 2024"
RAVELA,2,Ravela Yesaya | Ravela Santhi Jyothi,TADIKONDA (SC),"2009, 2024"
SRAVAN,2,Sravan Kumar Jada | Sravan Kumar Tenali,TADIKONDA (SC),"2009, 2024"
KOLIKAPOGU,2,Kolikapogu Venkata Rao | Kolikapogu Musalaiah,"SATHUPALLI (SC), TIRUVURU (SC)","2009, 2024"
BURAGA,2,Buraga Subba Rao | Buraga Ratnam,"BADVEL (SC) : BYE ELECTION ON 30-10-2021, VEMURU (SC)","2019, 2024"
GADDE,2,Gadde Vijaya Lakshmi | Gadde Vijaya Lakshmi,"BAPATLA (SC), VEMURU (SC)",2024
PAMULA,2,Pamula Vijaya Kumari | PAMULA RAJESWARI DEVI,"GANNAVARAM (SC), VEMURU (SC)","2009, 2024"
CHANDRA,2,Chandra Sekhar Tatiparthi | A. Chandra Shekar,"VICARADAB (SC), YERRAGONDAPALEM (SC)","2009, 2024"
KAMALAMMA,2,Kamalamma. P.M. | Kamalamma P. M.,"BADVEL (SC), BADVEL (SC) : BYE ELECTION ON 30-10-2021","2009, 2019"
SUCHARITHA,2,Sucharitha Mekathoti | Sucharitha Mekathoti,PRATHIPADU (SC),"2009, 2019"
AMBEDKAR,2,Ambedkar Dara | AMBEDKAR K M,"CHINTALAPUDI (SC), PRATHIPADU (SC)","2009, 2019"
DOKKA,2,Dokka Manikya Varaprasada Rao | Dokka Manikya Vara Prasada Rao,"PRATHIPADU (SC), TADIKONDA (SC)","2009, 2019"
MERUGU,2,Merugu Nagarjuna | Merugu Nagarjuna,VEMURU (SC),"2009, 2019"
MATANGI,2,Matangi Pulla Rao | Matangi Ashok,"MANAKONDUR (SC), NANDIGAMA (SC)","2009, 2014"
KAVALI,2,Kavali Venkataiah | Kavali Prathibha Bharathi,"ACHAMPET (SC), RAJAM (SC)",2009
BALAIAH,2,M. Balaiah | P. Balaiah,"ANDOLE (SC), TADIKONDA (SC)",2009
BANKA,2,Banka Chinna Veeraiah | Banka Ranganayakulu,BADVEL (SC),2009
NAGIPOGU,2,Nagipogu Chinna | Nagipogu Jayanna,BADVEL (SC),2009
VANAM,2,Vanam Narasimhulu | Vanam Narasimha Madiga,"BADVEL (SC), VICARADAB (SC)",2009
RAVULA,2,Ravula Ramakrishna | RAVULA ANJAIAH,"BELLAMPALLY (SC), SECUNDERABAD CANTT. (SC)",2009
JADI,2,Jadi Mallaiah | Jadi Yesaiah,CHENNUR (SC),2009
JAYA,2,K. Jaya Prakash | Jaya Prakash Thammedpalli,"GANGADHARA NELLORE(SC), YERRAGONDAPALEM(SC)",2009
JANGA,2,Janga Goutham | Janga Goutham,"AMALAPURAM (SC), GANNAVARAM (SC)","2009, 2024"
DAIDA,2,Daida. Christoper | Daida Sravan Kumar,"GHANPUR (STATION) (SC), NAKREKAL (SC)",2009
KADIYAM,2,Kadiyam Sreehari | Kadiyam Parameshwar,"GHANPUR (STATION) (SC), THUNGATHURTHY (SC)",2009
PANABAKA,2,Panabaka Krishnaiah | Panabaka China Gangaiah,"GUDUR (SC), SULLURPETA (SC)",2009
BADUGU,2,Badugu Indira | Badugu Srinivasa Babu,"KONDAPI (SC), RAZOLE (SC)",2009
GURUVINDAPALLI,2,GURUVINDAPALLI VARA PRASADA RAO | Guruvindapalli Anitha Rani,"NANDIGAMA (SC), VEMURU (SC)",2009
PAKA,2,Paka Satyanarayana | Paka Raja Rao,"PAYAKARAOPET (SC), RAJAM (SC)",2009
KATTEPOGU,2,Kattepogu Rani | Kattepogu Kumar,"PRATHIPADU (SC), VEMURU (SC)",2009
KUCHIPUDI,2,Kuchipudi Jaya Raj | Kuchipudi Suresh,"PRATHIPADU (SC), SANTHANUTHALAPADU (SC)",2009
VIJAYA,2,Vijaya Kumari Katari | B. N. Vijaya Kumar,"PRATHIPADU (SC), SANTHANUTHALAPADU (SC)",2009
PUSHPARAJ,2,P. Pushparaj | B. Pushparaj,"PUTHALAPATTU (SC), VICARADAB (SC)",2009
ANJAIAH,2,Anjaiah Jala | G. Anjaiah,"SANTHANUTHALAPADU (SC), ZAHIRABAD (SC)",2009
JAGANNADHAM,2,Jagannadham Kotilingam | Jagannadham Sangeetharao,SANTHANUTHALAPADU (SC),2009
NANDIGAM,2,Nandigam Jesi Babu | Suresh Babu Nandigam,"BAPATLA (SC), YERRAGONDAPALEM(SC)","2009, 2024"
KATTA,2,Katta Anand Babu | Katta Hemanand,BAPATLA (SC),2024
BEERA,1,Beera Ramarao,AMALAPURAM (SC),2024
CHUTUGULLA,1,Chutugulla Veera Venkata Satyanarayana,AMALAPURAM (SC),2024
ISWARYA,1,Iswarya Bojja,AMALAPURAM (SC),2024
MOHAN,1,Mohan Babu Polamuri,AMALAPURAM (SC),2024
PARAMATA,1,Paramata Syamkumar,AMALAPURAM (SC),2024
VARASALA,1,Varasala Satyanarayana,AMALAPURAM (SC),2024
VISWARUPU,1,Viswarupu Pinipe,AMALAPURAM (SC),2024
ALLURI,1,Alluri Sreenivasulu,BADVEL (SC),2024
BHAVANASI,1,Bhavanasi Venkatasubbarayudu,BADVEL (SC),2024
BOJJA,1,Bojja Roshanna,BADVEL (SC),2024
GAMGADHAR,1,Gamgadhar Dodagolla,BADVEL (SC),2024
KAMAGANDLA,1,Kamagandla Obaiah,BADVEL (SC),2024
NEERUGATTU,1,Neerugattu Dora Vijaya Jyothi,BADVEL (SC),2024
SAGALI,1,Sagali Gurappa,BADVEL (SC),2024
VANKELA,1,Vankela Srinivasulu,BADVEL (SC),2024
YAMBADI,1,Yambadi Singaraiah,BADVEL (SC),2024
ROSHAN,1,Roshan Kumar Songa,CHINTALAPUDI (SC),2024
ESTHER,1,Esther Rani Muvvala,CHINTALAPUDI (SC),2024
KALAPALA,1,Kalapala Prasad,CHINTALAPUDI (SC),2024
KAMBHAM,1,Kambham Vijaya Raju,CHINTALAPUDI (SC),2024
PACHIGOLLA,1,Pachigolla John Dharma Raju,CHINTALAPUDI (SC),2024
TORLAPATI,1,Torlapati Srinivasarao,CHINTALAPUDI (SC),2024
VUNNAMATLA,1,Vunnamatla Rakada Eliza,CHINTALAPUDI (SC),2024
VADINGADU,1,Vadingadu Munaswamy Thomas,GANGADHARA NELLORE (SC),2024
KARUNA,1,K. Karuna Sree,GANGADHARA NELLORE (SC),2024
KALLATHUR,1,Kallathur Krupalakshmi,GANGADHARA NELLORE (SC),2024
BHASKAR,1,P. Bhaskar,GANGADHARA NELLORE (SC),2024
PULIVELAM,1,Pulivelam Madhu,GANGADHARA NELLORE (SC),2024
T.D,1,T.D. Devaraj,GANGADHARA NELLORE (SC),2024
ANANDARAO,1,Anandarao Kollabathula,GANNAVARAM (SC),2024
BALAKRISHNA,1,Balakrishna Kota,GANNAVARAM (SC),2024
CHITTIBABU,1,Chittibabu Kondeti,GANNAVARAM (SC),2024
DUKKIPATI,1,Dukkipati Vijaya Chandra,GANNAVARAM (SC),2024
GANNAVARAPU,1,Gannavarapu Chandra Anand,GANNAVARAM (SC),2024
KHANDAVALLI,1,Khandavalli Surendra,GANNAVARAM (SC),2024
KOLLABATHULA,1,Kollabathula Satyanarayana (Satyam),GANNAVARAM (SC),2024
NAGABATHULA,1,Nagabathula Hemanth Kumar,GANNAVARAM (SC),2024
NAKKA,1,Nakka Sekhar,GANNAVARAM (SC),2024
VIPPARTHI,1,Vipparthi. Venugopalarao,GANNAVARAM (SC),2024
MADDIPATI,1,Maddipati Venkata Raju,GOPALAPURAM (SC),2024
BHARATHA,1,Bharatha Rao Sirra,GOPALAPURAM (SC),2024
DODDIGARLA,1,Doddigarla Nagarjuna,GOPALAPURAM (SC),2024
PENUMAKA,1,Penumaka Venkata Ratnam,GOPALAPURAM (SC),2024
SODADASI,1,Sodadasi Martin Luther,GOPALAPURAM (SC),2024
SRINIVASA,1,Srinivasa Rao Mulagala,GOPALAPURAM (SC),2024
PASIM,1,Pasim Sunil Kumar,GUDUR (SC),2024
ANNEM,1,Annem Mallikharjun,GUDUR (SC),2024
BIKKI,1,Bikki Venkata Ramanaiah,GUDUR (SC),2024
BODDU,1,Boddu Murali,GUDUR (SC),2024
UYYALA,1,Dr Uyyala Ramakrishna Rao,GUDUR (SC),2024
DURTHATI,1,Durthati Polamma,GUDUR (SC),2024
GORRIPATI,1,Gorripati Venkateswarlu,GUDUR (SC),2024
KARLA,1,Karla Ramesh Babu,GUDUR (SC),2024
MERIGA,1,Meriga Muralidhar,GUDUR (SC),2024
THATIPARTHI,1,Thatiparthi Babu,GUDUR (SC),2024
VADANALA,1,Vadanala Venkaiah,GUDUR (SC),2024
YALAPALLI,1,Yalapalli Srinivasulu,GUDUR (SC),2024
ARAVA,1,Arava Sreedhar,KODUR (SC),2024
DAMARLA,1,Damarla Siddaiah,KODUR (SC),2024
DARLA,1,Darla Goutham Kumar,KODUR (SC),2024
DEVI,1,Devi Gosala,KODUR (SC),2024
MANDAPALLI,1,Mandapalli Srinivasulu,KODUR (SC),2024
MANI,1,Mani Marella,KODUR (SC),2024
SUBBANARASAIAH,1,Subbanarasaiah Choudvaram,KODUR (SC),2024
SUBRAMANYAM,1,Subramanyam Tallapaka,KODUR (SC),2024
YEDUKA,1,Yeduka Anji Babu,KODUR (SC),2024
JAMULLAMUDI,1,Jamullamudi Polaiah,KONDAPI (SC),2024
KANDIPATI,1,Kandipati Venkata Krishna Rao,KONDAPI (SC),2024
KONDALA,1,Kondala Rao Ambati,KONDAPI (SC),2024
RAVURI,1,Ravuri Laksmanarao,KONDAPI (SC),2024
SRIKANTH,1,Srikanth Choppara,KONDAPI (SC),2024
SRINIVASARAO,1,Srinivasarao Boddu,KONDAPI (SC),2024
SUDHAKARA,1,Sudhakara Rao Pasumarthi,KONDAPI (SC),2024
VANGEPURAM,1,Vangepuram Kasiraju,KONDAPI (SC),2024
ARIGELA,1,Arigela Aruna Kumari,KOVVUR (SC),2024
BONTA,1,Bonta Syam Ravi Prakash,KOVVUR (SC),2024
KOKKIRIPATI,1,Kokkiripati Chinababu,KOVVUR (SC),2024
SEKHAR,1,Sekhar Babu Koyya,KOVVUR (SC),2024
UBA,1,Uba Srikanth,KOVVUR (SC),2024
M.S.RAJU,1,M.S.Raju,MADAKASIRA (SC),2024
B.KARININGAPPA,1,B.Kariningappa,MADAKASIRA (SC),2024
D.INDEEVAR,1,D.Indeevar,MADAKASIRA (SC),2024
HALLIKERA,1,Hallikera Jagannatha Prasad,MADAKASIRA (SC),2024
IRALAKKAPPA.S.L,1,Iralakkappa.S.L,MADAKASIRA (SC),2024
K.SUDHAKAR,1,K.Sudhakar,MADAKASIRA (SC),2024
KADAMANE,1,Kadamane Raveendra,MADAKASIRA (SC),2024
M.LAKSHMINARASAPPA,1,M.Lakshminarasappa,MADAKASIRA (SC),2024
M.RAJANNA,1,M.Rajanna,MADAKASIRA (SC),2024
PARADESANNA,1,Paradesanna Gari Hanumantharaju,MADAKASIRA (SC),2024
R.G.PAVITHRA,1,R.G.Pavithra,MADAKASIRA (SC),2024
R.GURUMURTHY,1,R.Gurumurthy,MADAKASIRA (SC),2024
T.DHANARAJ,1,T.Dhanaraj,MADAKASIRA (SC),2024
BARRE,1,Barre Udaya Kiran,NANDIGAMA (SC),2024
BEZAWADA,1,Bezawada Gopi,NANDIGAMA (SC),2024
MONDITOKA,1,Monditoka Jagan Mohan Rao,NANDIGAMA (SC),2024
NIPPULAPALLI,1,Nippulapalli Koteswararao,NANDIGAMA (SC),2024
PANITI,1,Paniti Lal,NANDIGAMA (SC),2024
KUMAR,1,Kumar Raja Varla,PAMARRU (SC),2024
ANIL,1,Anil Kumar Kaile,PAMARRU (SC),2024
DAS,1,D Y Das,PAMARRU (SC),2024
KODALI,1,Kodali Suneela,PAMARRU (SC),2024
NAYUDU,1,Nayudu. Sirisha Rani,PAMARRU (SC),2024
SALE,1,Sale Dinesh Babu,PAMARRU (SC),2024
ALAJANGI,1,Alajangi Jogarao,PARVATHIPURAM (SC),2024
BATHINA,1,Bathina Mohanarao,PARVATHIPURAM (SC),2024
GARBHAPU,1,Garbhapu Mohana Rao,PARVATHIPURAM (SC),2024
GUNTA,1,Gunta Jyothi,PARVATHIPURAM (SC),2024
POTNURU,1,Potnuru Kiran Kumar(Raj Kiran),PARVATHIPURAM (SC),2024
UDAYA,1,Udaya Bhanu Garbhapu,PARVATHIPURAM (SC),2024
ANITHA,1,Anitha Vangalapudi,PAYAKARAOPET (SC),2024
BOORTHI.YESAYYA,1,Boorthi.Yesayya,PAYAKARAOPET (SC),2024
DR.BONI,1,Dr.Boni Tata Rao,PAYAKARAOPET (SC),2024
DULAPALLI,1,Dulapalli Nageswararao,PAYAKARAOPET (SC),2024
JOGULU,1,Jogulu Kambala,PAYAKARAOPET (SC),2024
KAKARA,1,Kakara Narasimharao,PAYAKARAOPET (SC),2024
PARAVADA,1,Paravada Ramakrishna,PAYAKARAOPET (SC),2024
BURLA,1,Burla Ramanjaneyulu,PRATHIPADU (SC),2024
BALASANI,1,Balasani Kiran Kumar,PRATHIPADU (SC),2024
BEJJAM,1,Bejjam Nagaraju,PRATHIPADU (SC),2024
BURRI,1,Burri Rambabu,PRATHIPADU (SC),2024
CHANDRAM,1,Chandram Krishanam Raju,PRATHIPADU (SC),2024
PALLAPATI,1,Pallapati Naveen,PRATHIPADU (SC),2024
PAUL,1,Paul Yandrapati,PRATHIPADU (SC),2024
S.S,1,S.S. Rani (Mahalakshmi),PRATHIPADU (SC),2024
SHARAT,1,Sharat Kumar Challa,PRATHIPADU (SC),2024
MURALI,1,K Murali Mohan,PUTHALAPATTU (SC),2024
AMMURU,1,Ammuru Purushotham,PUTHALAPATTU (SC),2024
PRAVEEN,1,C Praveen Kumar,PUTHALAPATTU (SC),2024
SANTHOSH,1,K Santhosh,PUTHALAPATTU (SC),2024
KANIPAKAM,1,Kanipakam Nageswara,PUTHALAPATTU (SC),2024
KATTAMANCHI,1,Kattamanchi Viswanadh Sai Mohan,PUTHALAPATTU (SC),2024
HARIPRASAD,1,N Hariprasad,PUTHALAPATTU (SC),2024
TOTI,1,Toti N R Naveen,PUTHALAPATTU (SC),2024
BOCCHA,1,Boccha Buddudu,RAJAM (SC),2024
TALE,1,Dr. Tale Rajesh,RAJAM (SC),2024
GANDI,1,Gandi Apparao,RAJAM (SC),2024
MAJJI,1,Majji Ganapathi,RAJAM (SC),2024
MANNENA,1,Mannena Ramesh,RAJAM (SC),2024
YENNI,1,Yenni Raju,RAJAM (SC),2024
DEVA,1,Deva Varaprasad,RAZOLE (SC),2024
BODDAPALLI,1,Boddapalli Nageswara Rao,RAZOLE (SC),2024
GOLLAPALLI,1,Gollapalli Surya Rao,RAZOLE (SC),2024
MANUKONDA,1,Manukonda Venkata Prasad,RAZOLE (SC),2024
MATHI,1,Mathi Jaya Prakash,RAZOLE (SC),2024
POTHUMUDI,1,Pothumudi Alivelu Mangatayaru,RAZOLE (SC),2024
PULAPAKURA,1,Pulapakura Lilini Asha Rani,RAZOLE (SC),2024
YARLAGADDA,1,Yarlagadda Krishna,RAZOLE (SC),2024
ESTHARLA,1,Estharla Sankaraiah,SANTHANUTHALAPADU (SC),2024
GATTUPALLI,1,Gattupalli Gopala Rao,SANTHANUTHALAPADU (SC),2024
KAILA,1,Kaila Venkata Rao,SANTHANUTHALAPADU (SC),2024
KATTI,1,Katti Ratnakumari,SANTHANUTHALAPADU (SC),2024
KATUKURI,1,Katukuri David,SANTHANUTHALAPADU (SC),2024
KOTI,1,Koti Ravikumar,SANTHANUTHALAPADU (SC),2024
NAGARJUNA,1,Nagarjuna Merugu,SANTHANUTHALAPADU (SC),2024
RAMBABU,1,Rambabu Chavabathina,SANTHANUTHALAPADU (SC),2024
TALLURI,1,Talluri Nagaraju,SANTHANUTHALAPADU (SC),2024
VADDIMUKKALA,1,Vaddimukkala Raveendrababu,SANTHANUTHALAPADU (SC),2024
VIJESH,1,Vijesh Raj Palaparthi,SANTHANUTHALAPADU (SC),2024
KONETI,1,Koneti Adimulam,SATYAVEDU (SC),2024
BALAGURAVAM,1,Balaguravam Babu,SATYAVEDU (SC),2024
SUPRIYA,1,C. Supriya,SATYAVEDU (SC),2024
JADDA,1,Jadda Raja Sekhar,SATYAVEDU (SC),2024
KOGILA,1,Kogila Venkatachalam,SATYAVEDU (SC),2024
KOMMALA,1,Kommala Raghavaiah,SATYAVEDU (SC),2024
CHENGAIAH,1,N. Chengaiah,SATYAVEDU (SC),2024
VEMPALLA,1,Vempalla Krishna Rao,SATYAVEDU (SC),2024
VETTI,1,Vetti Venkatesh,SATYAVEDU (SC),2024
YATHATI,1,Yathati Ramesh Babu,SATYAVEDU (SC),2024
BANDARU,1,Bandaru Sravani Sree,SINGANAMALA (SC),2024
ANAND,1,Anand Kumar. M,SINGANAMALA (SC),2024
RAMANJINEYULU,1,G Ramanjineyulu,SINGANAMALA (SC),2024
K.OBULESU,1,K.Obulesu,SINGANAMALA (SC),2024
KAPPALA,1,Kappala Nagaraju,SINGANAMALA (SC),2024
KAYALA,1,Kayala Rama Mohan,SINGANAMALA (SC),2024
KUNDANAM,1,Kundanam Gowthami,SINGANAMALA (SC),2024
MANNEPAKULA,1,Mannepakula Madhava,SINGANAMALA (SC),2024
MIDDE,1,Midde Nallappa,SINGANAMALA (SC),2024
V.SAI,1,V.Sai Prasad,SINGANAMALA (SC),2024
NELAVALA,1,Nelavala Vijayasree,SULLURPETA (SC),2024
BIGUVU,1,Biguvu Srinivasulu,SULLURPETA (SC),2024
CHANDANAMUDI,1,Chandanamudi Siva,SULLURPETA (SC),2024
KANDATI,1,Kandati Rajanikanth,SULLURPETA (SC),2024
KILIVETI,1,Kiliveti Sanjeevaiah,SULLURPETA (SC),2024
NIDIGUNTA,1,Nidigunta Aruna,SULLURPETA (SC),2024
T.S.RAGHAVULU,1,T.S.Raghavulu,SULLURPETA (SC),2024
THOPPANI,1,Thoppani Ramanaiah,SULLURPETA (SC),2024
TENALI,1,Tenali Sravan Kumar,TADIKONDA (SC),2024
MARIYADASU,1,Mariyadasu Mendem,TADIKONDA (SC),2024
SRUNGARAPATI,1,Srungarapati Baburao,TADIKONDA (SC),2024
KOLIKAPUDI,1,Kolikapudi Srinivasa Rao,TIRUVURU (SC),2024
BIMALA,1,Bimala Anusha,TIRUVURU (SC),2024
BOLLIPOGU,1,Bollipogu Nagaraju,TIRUVURU (SC),2024
CHILAPARAPU,1,Chilaparapu Venkateswara Rao,TIRUVURU (SC),2024
KORLAPATI,1,Korlapati Raveendrababu,TIRUVURU (SC),2024
KURAPATI,1,Kurapati Krishnaiah,TIRUVURU (SC),2024
LAKKEPOGU,1,Lakkepogu Vandana Kumar,TIRUVURU (SC),2024
MEHAR,1,Mehar Baba Vasam,TIRUVURU (SC),2024
NALLAGATLA,1,Nallagatla Swamy Das,TIRUVURU (SC),2024
SEELAM,1,Seelam Raja,TIRUVURU (SC),2024
ASHOK,1,Ashok Babu Varikuti,VEMURU (SC),2024
BODIYYA,1,Bodiyya Chebrolu,VEMURU (SC),2024
DURU,1,Duru Bhagya Raju,VEMURU (SC),2024
GORIKAPUDI,1,Gorikapudi Steeven,VEMURU (SC),2024
NAIDU,1,Naidu Nikhil Krishna,VEMURU (SC),2024
RAVEENDRA,1,Raveendra Babu Jada,VEMURU (SC),2024
TAMANAM,1,Tamanam Bhushanam,VEMURU (SC),2024
YALLAMATI,1,Yallamati Syam Prasad,VEMURU (SC),2024
AJITHA,1,Ajitha Rao Budala,YERRAGONDAPALEM (SC),2024
CHEDURI,1,Cheduri Venkatesh,YERRAGONDAPALEM (SC),2024
DUPATI,1,Dupati Chandra Babu,YERRAGONDAPALEM (SC),2024
ERIXION,1,Erixion Babu Guduri,YERRAGONDAPALEM (SC),2024
KOMMULA,1,Kommula Ravi,YERRAGONDAPALEM (SC),2024
KORRAPOLU,1,Korrapolu Jaya Rao,YERRAGONDAPALEM (SC),2024
KOTA,1,Kota Pitchaiah,YERRAGONDAPALEM (SC),2024
THATHAPUDI,1,Thathapudi Johnson,YERRAGONDAPALEM (SC),2024
THELLA,1,Thella Ebshi Rani,YERRAGONDAPALEM (SC),2024
TURAKA,1,Turaka Ratna Paul,YERRAGONDAPALEM (SC),2024
VESAPOGU,1,Vesapogu Elia,YERRAGONDAPALEM (SC),2024
CHINNA,1,D. Chinna,BADVEL (SC) : BYE ELECTION ON 30-10-2021,2019
KOTAPATI,1,Kotapati Narasimhulu,BADVEL (SC) : BYE ELECTION ON 30-10-2021,2019
OBULESU,1,O. Obulesu,BADVEL (SC) : BYE ELECTION ON 30-10-2021,2019
PALLE,1,Palle. Nagaraju,BADVEL (SC) : BYE ELECTION ON 30-10-2021,2019
RAJESH,1,Rajesh Jelli,BADVEL (SC) : BYE ELECTION ON 30-10-2021,2019
SAGILI,1,Sagili Sudharshanam,BADVEL (SC) : BYE ELECTION ON 30-10-2021,2019
SANGATI,1,Sangati Manohar,BADVEL (SC) : BYE ELECTION ON 30-10-2021,2019
SEELI,1,Seeli Pedda Chennaiah,BADVEL (SC) : BYE ELECTION ON 30-10-2021,2019
HARI,1,T. Hari Prasad,BADVEL (SC) : BYE ELECTION ON 30-10-2021,2019
KANTHARAO,1,Kantharao Eddu,PRATHIPADU (SC),2019
KOMMU,1,Kommu Naga Papa Rao,PRATHIPADU (SC),2019
MARKU,1,Marku Boujanku,PRATHIPADU (SC),2019
MERUGA,1,Meruga Vijaya Raju,PRATHIPADU (SC),2019
THANGIRALA,1,Thangirala Irmiya,PRATHIPADU (SC),2019
THIPPABATHINI,1,Thippabathini Govindu,PRATHIPADU (SC),2019
VUNDAVALL,1,Vundavall Sridevi,TADIKONDA (SC),2019
BOKKA,1,Bokka Sangeetha Rao,TADIKONDA (SC),2019
CHILAKA,1,Chilaka Vijaya Kumar,TADIKONDA (SC),2019
KORABANDI,1,Korabandi Venkaiah,TADIKONDA (SC),2019
NAGARAJU,1,Nagaraju Talluri,TADIKONDA (SC),2019
NEELAM,1,Neelam Ravi Kiran,TADIKONDA (SC),2019
SARVA,1,Sarva Srinivasarao,TADIKONDA (SC),2019
BHARAT,1,Bharat Bhushan Appikatla,VEMURU (SC),2019
DARSANAPU,1,Darsanapu Srinivasa Rao,VEMURU (SC),2019
KAMALAKARA,1,Kamalakara Rao Gattupalli,VEMURU (SC),2019
MANDE,1,Mande Pitchaiah,VEMURU (SC),2019
RANI,1,Rani Kotari,VEMURU (SC),2019
TULLIBILLI,1,Tullibilli Anil Kumar,VEMURU (SC),2019
BODAPATI,1,Bodapati Babu Rao,NANDIGAMA (SC),2014
P.RAMULU,1,P.Ramulu,ACHAMPET (SC),2009
BEESAMALLA,1,Beesamalla Yousef,ACHAMPET (SC),2009
DR.C.VAMSHI,1,Dr.C.Vamshi Krishna,ACHAMPET (SC),2009
GADADASU,1,Gadadasu Venkateshwarlu,ACHAMPET (SC),2009
MANDALA,1,Mandala Sulthanamma,ACHAMPET (SC),2009
P.MUNEENDRANATH,1,P.Muneendranath,ACHAMPET (SC),2009
Y.VENKATESH,1,Y.Venkatesh,ACHAMPET (SC),2009
ABRAHAM,1,Abraham V.M,ALAMPUR (SC),2009
VENKATESHWARLU,1,A Venkateshwarlu,ALAMPUR (SC),2009
A.MADDILETY,1,A.Maddilety Madiga,ALAMPUR (SC),2009
B.SWAMULU,1,B.Swamulu,ALAMPUR (SC),2009
BANGI,1,Bangi Laxmanna,ALAMPUR (SC),2009
D.RAJU,1,D.Raju,ALAMPUR (SC),2009
DR.H.RUKMANTHAIAH,1,Dr.H.Rukmanthaiah,ALAMPUR (SC),2009
INDIRA,1,Indira,ALAMPUR (SC),2009
M.ANJANEYULU,1,M.Anjaneyulu,ALAMPUR (SC),2009
MADANNA,1,Madanna,ALAMPUR (SC),2009
P.SUBBANNA,1,P.Subbanna,ALAMPUR (SC),2009
PRASANNA,1,Prasanna Kumar.R,ALAMPUR (SC),2009
RAVINDER,1,Ravinder,ALAMPUR (SC),2009
SURUPA,1,Surupa Shobha Rani,ALAMPUR (SC),2009
SWAMULU,1,Swamulu,ALAMPUR (SC),2009
V.DHARMARAJU,1,V.Dharmaraju,ALAMPUR (SC),2009
VISWARUPA,1,Viswarupa Pinipe,AMALAPURAM (SC),2009
CHEEKURIMILLI,1,Cheekurimilli Kiran Kumar,AMALAPURAM (SC),2009
CHINTA,1,Chinta Krishnamurthy,AMALAPURAM (SC),2009
KUNCHE,1,Kunche Peda Satyanarayana,AMALAPURAM (SC),2009
THOKALA,1,Thokala Narasimha Saranadh,AMALAPURAM (SC),2009
AYANCHA,1,Ayancha Arun Chakravarty,ANDOLE (SC),2009
CHANTI,1,Chanti Kranti Kiran,ANDOLE (SC),2009
KONDI,1,Kondi Mogulaiah,ANDOLE (SC),2009
MALYALA,1,Malyala Rajaiah Srinivas,ANDOLE (SC),2009
BABUMOHAN,1,P. Babumohan,ANDOLE (SC),2009
CHENNAIAH,1,Chennaiah Lakkineni,BADVEL (SC),2009
T.C.CHENNAIAH,1,T.C.Chennaiah,BADVEL (SC),2009
GUNDA,1,Gunda Mallesh,BELLAMPALLY (SC),2009
AMURAJULA,1,Amurajula Sridevi,BELLAMPALLY (SC),2009
BOLUMALLA,1,Bolumalla Anjaiah,BELLAMPALLY (SC),2009
CHILUMULA,1,Chilumula Shankar,BELLAMPALLY (SC),2009
PAGIDI,1,Pagidi Venkati,BELLAMPALLY (SC),2009
SAKINALA,1,Sakinala Narayana,BELLAMPALLY (SC),2009
NALLALA,1,Nallala Odelu,CHENNUR (SC),2009
ANDUGULA,1,Andugula Srinivas,CHENNUR (SC),2009
ARUMULLA,1,Arumulla Posham,CHENNUR (SC),2009
G.VINOD,1,G.Vinod,CHENNUR (SC),2009
MEKALA,1,Mekala Saroja,CHENNUR (SC),2009
PONNALA,1,Ponnala Vinay Kumar,CHENNUR (SC),2009
K.S.RATNAM,1,K.S.RATNAM,CHEVELLA (SC),2009
BAPANA,1,BAPANA PALLY RAMA SWAMY,CHEVELLA (SC),2009
BYNDLA,1,Byndla Samaiah,CHEVELLA (SC),2009
DR.BALU.S,1,Dr.Balu.S,CHEVELLA (SC),2009
GAJULAGUDEM,1,Gajulagudem. Chandu,CHEVELLA (SC),2009
GIRIGALLA,1,GIRIGALLA MANIKYAM,CHEVELLA (SC),2009
JOGU,1,Jogu Venkataiah,CHEVELLA (SC),2009
KALE,1,Kale Yadaiah,CHEVELLA (SC),2009
TUDUMU,1,Tudumu Pandu,CHEVELLA (SC),2009
MADDALA,1,Maddala Rajesh Kumar,CHINTALAPUDI (SC),2009
KARRA,1,KARRA RAJA RAO,CHINTALAPUDI (SC),2009
SUDDALA,1,SUDDALA DEVAIAH,CHOPPADANDI (SC),2009
CHINTHALA,1,CHINTHALA MALLESHAM,CHOPPADANDI (SC),2009
DOMAKONDA,1,DOMAKONDA MALLAIAH,CHOPPADANDI (SC),2009
GADDALA,1,GADDALA PRABHAKAR,CHOPPADANDI (SC),2009
GUDISHE,1,GUDISHE RAJAIAH,CHOPPADANDI (SC),2009
GUNUKONDA,1,GUNUKONDA BABU,CHOPPADANDI (SC),2009
KANUKAM,1,KANUKAM VAMSHI,CHOPPADANDI (SC),2009
LANKA,1,LANKA ANJAIAH,CHOPPADANDI (SC),2009
LINGAMPALLI,1,LINGAMPALLI SHANKARAIAH,CHOPPADANDI (SC),2009
MALLIALA,1,MALLIALA PRATHAP,CHOPPADANDI (SC),2009
THODETI,1,THODETI BABU,CHOPPADANDI (SC),2009
ESHWAR,1,ESHWAR KOPPULA,DHARMAPURI (SC),2009
ADLURI,1,ADLURI LAXMAN KUMAR,DHARMAPURI (SC),2009
MOKENAPALLY,1,MOKENAPALLY RAJAVVA,DHARMAPURI (SC),2009
SOGALA,1,SOGALA KUMAR,DHARMAPURI (SC),2009
KUTHUHALAMMA,1,Kuthuhalamma Gummadi,GANGADHARA NELLORE(SC),2009
DEVARAJULU,1,Devarajulu,GANGADHARA NELLORE(SC),2009
MURUGAIAH,1,E. Murugaiah,GANGADHARA NELLORE(SC),2009
GANDHI,1,Gandhi,GANGADHARA NELLORE(SC),2009
KAVERIPAKAM,1,Kaveripakam Markondaiah,GANGADHARA NELLORE(SC),2009
NAGABUSHNAM,1,M. Nagabushnam,GANGADHARA NELLORE(SC),2009
JAYANKAR,1,N. Jayankar,GANGADHARA NELLORE(SC),2009
SIVAPRASAD,1,Sivaprasad,GANGADHARA NELLORE(SC),2009
RAJENDRAN,1,V. Rajendran,GANGADHARA NELLORE(SC),2009
KOLLI,1,Kolli Suryarao,GANNAVARAM (SC),2009
KUSUME,1,Kusume Satyanarayana,GANNAVARAM (SC),2009
MAKEY,1,Makey Davy Prasad,GANNAVARAM (SC),2009
PULAPARTHI,1,Pulaparthi Narayanamurthy,GANNAVARAM (SC),2009
YELLAMELLI,1,Yellamelli Arjunudu,GANNAVARAM (SC),2009
RAJAIAH,1,Rajaiah Thatikonda,GHANPUR (STATION) (SC),2009
AROORI,1,Aroori Ramesh,GHANPUR (STATION) (SC),2009
ARSHAM,1,Arsham. Swamy,GHANPUR (STATION) (SC),2009
CHILUKA,1,Chiluka. Vijaya Rao,GHANPUR (STATION) (SC),2009
CHINTHA,1,Chintha Suvartha,GHANPUR (STATION) (SC),2009
KONGARA,1,Kongara. Anil Kumar,GHANPUR (STATION) (SC),2009
RATNAMALA,1,Ratnamala Naliganti,GHANPUR (STATION) (SC),2009
TANETI,1,Taneti Vanita,GOPALAPURAM (SC),2009
KADALAIAH,1,KADALAIAH SABBITI,GOPALAPURAM (SC),2009
USHA,1,USHA TIGIRIPALLI,GOPALAPURAM (SC),2009
DURGA,1,Durga Prasad Rao Balli,GUDUR (SC),2009
BANDI,1,Bandi Srinivasulu,GUDUR (SC),2009
INGILALA,1,Ingilala Seenaiah,GUDUR (SC),2009
KUNDURTHI,1,Kundurthi Venkata Krishnaiah,GUDUR (SC),2009
MYLARI,1,Mylari Amaravathamma,GUDUR (SC),2009
HANMANTH,1,Hanmanth Shinde,JUKKAL (SC),2009
A.K,1,A.K. Latha,JUKKAL (SC),2009
ERROLLA,1,Errolla Sailu,JUKKAL (SC),2009
JUTTOLLA,1,Juttolla Sailu,JUKKAL (SC),2009
ARUNA,1,T. Aruna Tara,JUKKAL (SC),2009
VITTAL,1,Vittal,JUKKAL (SC),2009
PARIGELA,1,Parigela Murali Krishna,KODUMUR (SC),2009
BOJUGU,1,BOJUGU KARUNAKARA RAJU,KODUMUR (SC),2009
M.MANI,1,M.MANI GANDHI,KODUMUR (SC),2009
KORAMUTIA,1,Koramutia Srinivasulu,KODUR (SC),2009
AJAY,1,Ajay Babu Nandavaram Benjiman,KODUR (SC),2009
GADELA,1,Gadela Srinivasulu,KODUR (SC),2009
MINUKU,1,Minuku Ramaiah,KODUR (SC),2009
NAGIRIPATI,1,Nagiripati Chengaiah,KODUR (SC),2009
NOSINA,1,Nosina Sankaraiah,KODUR (SC),2009
PENCHALAIAH,1,Penchalaiah Koduru,KODUR (SC),2009
VANKAYALA,1,Vankayala Sivaiah,KODUR (SC),2009
VELAGACHERLA,1,Velagacherla Tirupaiah,KODUR (SC),2009
GURRALA,1,Gurrala Venkata Seshu,KONDAPI (SC),2009
ADDANKI,1,Addanki Hari Prasada Rao,KONDAPI (SC),2009
ANGALAKUTHY,1,Angalakuthy Prasad,KONDAPI (SC),2009
GUNDABATHINA,1,Gundabathina Madhava Rao,KONDAPI (SC),2009
KARATAPU,1,Karatapu Raju,KONDAPI (SC),2009
KASUKURTHI,1,Kasukurthi Srinu,KONDAPI (SC),2009
NARAYANA,1,Narayana Cheedarla,KONDAPI (SC),2009
PARRE,1,Parre Lakshmi Narayana,KONDAPI (SC),2009
SREE,1,Sree Bala Veeranjaneya Swami Dola,KONDAPI (SC),2009
THIRUPATHI,1,Thirupathi Nirmala,KONDAPI (SC),2009
BUNGA,1,BUNGA SARADHI,KOVVUR (SC),2009
KOYYE,1,KOYYE MOSENU RAJU,KOVVUR (SC),2009
SUDHAKAR,1,K. Sudhakar,MADAKASIRA (SC),2009
INDEEVAR,1,D. Indeevar,MADAKASIRA (SC),2009
NARASIMHAPPA,1,D. Narasimhappa,MADAKASIRA (SC),2009
ERANNA,1,K. Eranna,MADAKASIRA (SC),2009
HANUMANTHAPPA,1,S. Hanumanthappa,MADAKASIRA (SC),2009
DHAN,1,T. Dhan Raj,MADAKASIRA (SC),2009
BHATTI,1,Bhatti Vikramarka Mallu,MADIRA (SC),2009
SAGGURTHY,1,Dr. Saggurthy Vijaya Vani,MADIRA (SC),2009
INAPANURI,1,Inapanuri Esther Swarnalatha,MADIRA (SC),2009
JOHN,1,John Gudipati,MADIRA (SC),2009
KOCHARLA,1,Kocharla Guravaiah,MADIRA (SC),2009
PIDAMARTHI,1,Pidamarthi Ravi,MADIRA (SC),2009
AREPALLY,1,Arepally Mohan,MANAKONDUR (SC),2009
BAMANDLA,1,Bamandla Narendar,MANAKONDUR (SC),2009
BODA,1,Boda Sudhakar,MANAKONDUR (SC),2009
BOLLAMPALLY,1,Bollampally Ailaiah,MANAKONDUR (SC),2009
KAVVAMPALLI,1,Dr. Kavvampalli Satyanarayana,MANAKONDUR (SC),2009
GORRE,1,Gorre Shankaraiah,MANAKONDUR (SC),2009
JANAPATLA,1,Janapatla Swamy,MANAKONDUR (SC),2009
KANDE,1,Kande Sammaiah,MANAKONDUR (SC),2009
VORAGANTI,1,Voraganti Anand,MANAKONDUR (SC),2009
CHIRUMARTHY,1,Chirumarthy Lingaiah,NAKREKAL (SC),2009
CHEDIPALI,1,Chedipali Kashaiah,NAKREKAL (SC),2009
CHINNAPAKA,1,Chinnapaka Ragupathi,NAKREKAL (SC),2009
GADDAPATI,1,Gaddapati Danaiah,NAKREKAL (SC),2009
INDRAKANTI,1,Indrakanti Venkataiah,NAKREKAL (SC),2009
NAKIREKANTI,1,Nakirekanti Mogulaiah,NAKREKAL (SC),2009
PERLA,1,Perla Uppalamma,NAKREKAL (SC),2009
SHEPURI,1,Shepuri Yadaiah,NAKREKAL (SC),2009
UBBANI,1,Ubbani Venkanna,NAKREKAL (SC),2009
YADAGIRI,1,Yadagiri Vantepaka,NAKREKAL (SC),2009
YATAKULA,1,Yatakula Somaiah,NAKREKAL (SC),2009
PRABHAKARA,1,Prabhakara Rao Tangirala,NANDIGAMA (SC),2009
PARAMESWARA,1,PARAMESWARA RAO VELPULA,NANDIGAMA (SC),2009
LABBI,1,Labbi Venkataswamy,NANDIKOTKUR (SC),2009
CHIMME,1,CHIMME BITCHANNA,NANDIKOTKUR (SC),2009
MADARAPU,1,MADARAPU RENUKAMMA,NANDIKOTKUR (SC),2009
D.Y.DAS,1,D.Y.Das,PAMARRU (SC),2009
MOVVA,1,MOVVA MOHANA RAO,PAMARRU (SC),2009
UPPULETI,1,UPPULETI KALPANA,PAMARRU (SC),2009
JAYAMANI,1,Jayamani Savarapu,PARVATHIPURAM (SC),2009
BOBBILI,1,Bobbili Chiranjeevulu,PARVATHIPURAM (SC),2009
BOTCHA,1,Botcha Ananda Rao,PARVATHIPURAM (SC),2009
CHINTADA,1,Chintada Appala Swamy,PARVATHIPURAM (SC),2009
GUDDETI,1,Guddeti Bapujee,PARVATHIPURAM (SC),2009
GUMPA,1,Gumpa Rama Rao,PARVATHIPURAM (SC),2009
NAGABHUSHANAM,1,Nagabhushanam Gogulamudi,PARVATHIPURAM (SC),2009
PAPAYYA,1,Papayya Kotipalli,PARVATHIPURAM (SC),2009
PATLASINGU,1,Patlasingu Ravi Kumar,PARVATHIPURAM (SC),2009
PRAKASAM,1,Prakasam Satti,PARVATHIPURAM (SC),2009
VELPULA,1,Velpula Vijay Kumar,PARVATHIPURAM (SC),2009
GOLLA,1,Golla Baburao,PAYAKARAOPET (SC),2009
BAVIRISETTI,1,Bavirisetti Manikyalarao,PAYAKARAOPET (SC),2009
BUSIRAJU,1,Busiraju Dulam,PAYAKARAOPET (SC),2009
CHENGALA,1,Chengala Venkatarao,PAYAKARAOPET (SC),2009
GURINDAPALLI,1,Gurindapalli Dhanaraju,PAYAKARAOPET (SC),2009
PATCHINEELA,1,Patchineela Maridiyya,PAYAKARAOPET (SC),2009
VADLAMURI,1,Vadlamuri Krishna Swaroop,PAYAKARAOPET (SC),2009
GARNEPUDI,1,Garnepudi Sudhakar,PRATHIPADU (SC),2009
JAVVAGI,1,Javvagi Srinivasa Rao,PRATHIPADU (SC),2009
KANDUKURI,1,Kandukuri Veeraiah,PRATHIPADU (SC),2009
KOLALALURI,1,Kolalaluri Koteshwara Rao,PRATHIPADU (SC),2009
NALLAPATI,1,Nallapati Manga Rao,PRATHIPADU (SC),2009
SUSEELA,1,Suseela Rao Naligala,PRATHIPADU (SC),2009
VIJAYENDRA,1,Vijayendra Kiran Jonnalgadda,PRATHIPADU (SC),2009
SANKAR,1,K. Sankar,PUTHALAPATTU (SC),2009
KONKA,1,Konka Radha,PUTHALAPATTU (SC),2009
LALITHA,1,L. Lalitha Kumari,PUTHALAPATTU (SC),2009
PARAMANANDAM,1,M. Paramanandam,PUTHALAPATTU (SC),2009
PANJANADHAN,1,R. Panjanadhan,PUTHALAPATTU (SC),2009
NAGAN,1,V. Nagan,PUTHALAPATTU (SC),2009
ADINARAYANA,1,Adinarayana dukka,RAJAM (SC),2009
AMRUTHA,1,Amrutha kumari. P.J,RAJAM (SC),2009
BHUPATHI,1,Bhupathi apparao,RAJAM (SC),2009
BOSI,1,Bosi Manmadharao,RAJAM (SC),2009
B.S,1,B.S. Murthy,RAZOLE (SC),2009
BALA,1,Bala Chandar Tadi,RAZOLE (SC),2009
BATTULA,1,Battula Ramu,RAZOLE (SC),2009
DIGUMARTHY,1,Digumarthy Narsimha Murthy,RAZOLE (SC),2009
MOSUGANTI,1,Mosuganti Rajubabu,RAZOLE (SC),2009
NALLI,1,Nalli Madhusudana Rao,RAZOLE (SC),2009
REVU,1,Revu Jeevaratnam,RAZOLE (SC),2009
GUMMADI,1,Gummadi Raju,SANTHANUTHALAPADU (SC),2009
RATNA,1,K. P. S. Ratna Raju,SANTHANUTHALAPADU (SC),2009
KASUKURTI,1,Kasukurti Polaiah,SANTHANUTHALAPADU (SC),2009
KOMMURI,1,Kommuri Kanakarao,SANTHANUTHALAPADU (SC),2009
NANNEPOGU,1,Nannepogu Subbarao,SANTHANUTHALAPADU (SC),2009
SUBBARAO,1,Subbarao Golla,SANTHANUTHALAPADU (SC),2009
UBBA,1,Ubba Venkateswarlu,SANTHANUTHALAPADU (SC),2009
SANDRA,1,Sandra Venkata Veeraiah,SATHUPALLI (SC),2009
CHANDRASEKHAR,1,Chandrasekhar Sambhani,SATHUPALLI (SC),2009
CHOKKAIAH,1,Chokkaiah Jadi,SATHUPALLI (SC),2009
KONDURI,1,Konduri Susmitha Koteswar Rao,SATHUPALLI (SC),2009
TIRUMALAIAH,1,Tirumalaiah Telluri,SATHUPALLI (SC),2009
VENKATESWARA,1,Venkateswara Rao Kuvvarapu (Kodipunju),SATHUPALLI (SC),2009
KALATHURU,1,Kalathuru Narayanaswamy,SATYAVEEDU (SC),2009
VELU,1,C. P. V. Velu,SATYAVEEDU (SC),2009
GANGARAMAIAH,1,Gangaramaiah Reddypalli,SATYAVEEDU (SC),2009
HIMALATHA,1,H. Himalatha,SATYAVEEDU (SC),2009
BHARATI,1,J. Bharati,SATYAVEEDU (SC),2009
KADIVED,1,Kadived Pattabhi,SATYAVEEDU (SC),2009
PURUSHOTHAM,1,M. Purushotham,SATYAVEEDU (SC),2009
SUBBARATHNAMMA,1,P. Subbarathnamma,SATYAVEEDU (SC),2009
SHANKER,1,DR. P SHANKER RAO,SECUNDERABAD CANTT. (SC),2009
DEVENDER,1,D B DEVENDER,SECUNDERABAD CANTT. (SC),2009
SAYANNA,1,G SAYANNA,SECUNDERABAD CANTT. (SC),2009
RAMULU,1,K RAMULU,SECUNDERABAD CANTT. (SC),2009
SATHYAM,1,SATHYAM MAADIGA RAGATI,SECUNDERABAD CANTT. (SC),2009
HARIJANA,1,Harijana Chandrasekhar,SINGANAMALA (SC),2009
JAYARAM,1,Jayaram Kothapalli,SINGANAMALA (SC),2009
KULLAYAPPA,1,Kullayappa Midde,SINGANAMALA (SC),2009
OBULAPATHI,1,M. Obulapathi,SINGANAMALA (SC),2009
M.CHANDRAPPA,1,M.Chandrappa,SINGANAMALA (SC),2009
MALLICHETY,1,Mallichety Peddanna,SINGANAMALA (SC),2009
MUDIGUBBA,1,Mudigubba Lakshmanna,SINGANAMALA (SC),2009
NAGA,1,P. Naga Nallaiah,SINGANAMALA (SC),2009
PAMIDI,1,Pamidi Shamanthakamani,SINGANAMALA (SC),2009
RAMAMURTHY,1,Ramamurthy Dasari,SINGANAMALA (SC),2009
VISWANATH,1,Y. K. Viswanath,SINGANAMALA (SC),2009
PARASA,1,Parasa Venkata Rathnam @ Parasa Venkata Rathnaiah,SULLURPETA (SC),2009
CHILAKALA,1,Chilakala Srinivasulu,SULLURPETA (SC),2009
DEGALA,1,Degala Suryanarayana,SULLURPETA (SC),2009
GARIKA,1,Garika Eswaramma,SULLURPETA (SC),2009
OREPALLI,1,Orepalli Venkata Krishna Prasad,SULLURPETA (SC),2009
PELLAKURU,1,Pellakuru Kanchiraju,SULLURPETA (SC),2009
UDDURU,1,Udduru Ramachandraiah,SULLURPETA (SC),2009
CHALIVENDRA,1,Chalivendra Venkateswarlu,TADIKONDA (SC),2009
EKULA,1,Ekula Veeraiah,TADIKONDA (SC),2009
LINGALA,1,Lingala Nageswara Rao,TADIKONDA (SC),2009
NANDURI,1,Nanduri Venkateswarlu,TADIKONDA (SC),2009
MOTHUKUPALLY,1,Mothukupally Narsimhulu,THUNGATHURTHY (SC),2009
AKARAPU,1,Akarapu Murali,THUNGATHURTHY (SC),2009
B.ANIL,1,B.Anil,THUNGATHURTHY (SC),2009
GOLI,1,Goli Prabhaker,THUNGATHURTHY (SC),2009
GOPALDAS,1,Gopaldas Vijay Kumar,THUNGATHURTHY (SC),2009
GUDIPATI,1,Gudipati Narsaiah,THUNGATHURTHY (SC),2009
JOGUNURI,1,Jogunuri Sunder Rao,THUNGATHURTHY (SC),2009
KOLUKONDA,1,Kolukonda Yadagiri,THUNGATHURTHY (SC),2009
PATTETI,1,Patteti Suresh Babu,THUNGATHURTHY (SC),2009
PUDURI,1,Puduri Srinivasa Rao,THUNGATHURTHY (SC),2009
SWAMY,1,SWAMY DAS NALLAGATLA,TIRUVURU (SC),2009
VAKKALAGADDA,1,VAKKALAGADDA VIJAYA BHASKARA RAO,TIRUVURU (SC),2009
ANOOPP,1,Anoopp Epuri,VEMURU (SC),2009
DILEEP,1,Dileep Raja Donepudi,VEMURU (SC),2009
GADELAVARTHI,1,Gadelavarthi Prabakara Rao,VEMURU (SC),2009
HANMANTHU,1,Hanmanthu,VICARADAB (SC),2009
MADIKATTU,1,Madikattu Ramaswamy,VICARADAB (SC),2009
MAHAVEER,1,Mahaveer Bandeiah,VICARADAB (SC),2009
MADHUKAR,1,P. Madhukar,VICARADAB (SC),2009
THIMMAMOLLA,1,Thimmamolla Venkatesh,VICARADAB (SC),2009
BARLA,1,Barla Swarajayam,WARDHANAPET (SC),2009
DR.GUNDE,1,Dr.Gunde Vijaya Rama Rao,WARDHANAPET (SC),2009
DUBASHI,1,Dubashi Vasudev,WARDHANAPET (SC),2009
ELLANDULA,1,Ellandula Shoban Babu,WARDHANAPET (SC),2009
ERMIYA,1,Ermiya Sangala,WARDHANAPET (SC),2009
JADSON,1,Jadson Bakka,WARDHANAPET (SC),2009
JANNU,1,Jannu Jakharaiah,WARDHANAPET (SC),2009
JATTI,1,Jatti Ravikumar,WARDHANAPET (SC),2009
NALLAMARY,1,Nallamary Ramesh,WARDHANAPET (SC),2009
PARAMJYOTHI,1,Paramjyothi Radapaka,WARDHANAPET (SC),2009
VENKATASWAMI,1,Venkataswami Sudamalla,WARDHANAPET (SC),2009
CH,1,Ch. Chakravarthi,YERRAGONDAPALEM(SC),2009
DAVID,1,David Raju Palaparthi,YERRAGONDAPALEM(SC),2009
DEVARAKONDA,1,Devarakonda Madhu,YERRAGONDAPALEM(SC),2009
ISRAEL,1,Israel Chilaka,YERRAGONDAPALEM(SC),2009
JALLI,1,Jalli Chakravarthy,YERRAGONDAPALEM(SC),2009
MANJULA,1,Manjula Chinge,YERRAGONDAPALEM(SC),2009
PARISAPOGU,1,Parisapogu Issaiah,YERRAGONDAPALEM(SC),2009
RAJU,1,Raju Banka,YERRAGONDAPALEM(SC),2009
YADDANAPUDI,1,Yaddanapudi Pedda Guravaiah,YERRAGONDAPALEM(SC),2009
YENIBERA,1,Yenibera Ramesh,YERRAGONDAPALEM(SC),2009
J.GEETA,1,Dr. J.Geeta,ZAHIRABAD (SC),2009
ESMALAPPA,1,D. Esmalappa,ZAHIRABAD (SC),2009
VASANTH,1,D. Vasanth Kumar,ZAHIRABAD (SC),2009
GORLAKADI,1,Gorlakadi Mollaiah,ZAHIRABAD (SC),2009
PRATAP,1,I. Pratap Kumar,ZAHIRABAD (SC),2009
JANARDHAN,1,Janardhan Lakumala,ZAHIRABAD (SC),2009
BICHAIAH,1,K. Bichaiah,ZAHIRABAD (SC),2009
L.BHOOMAIAH,1,L.Bhoomaiah,ZAHIRABAD (SC),2009
NALLA,1,Nalla Surya Prakash,ZAHIRABAD (SC),2009
RAJ,1,P. Raj Kumar,ZAHIRABAD (SC),2009
SONNAYALA,1,Sonnayala Babu,ZAHIRABAD (SC),2009
NAROTHAM,1,Y. Narotham,ZAHIRABAD (SC),2009
HARISH,1,G M Harish (Balayogi),AMALAPURAM (SC),2024
DORABABU,1,Dorababu Yalla,AMALAPURAM (SC),2024
JILLELLA,1,Jillella Ramesh,AMALAPURAM (SC),2024
KAPA,1,Kapa Kalyan,AMALAPURAM (SC),2024
KATRU,1,Katru Naga Babu,AMALAPURAM (SC),2024
PATHURI,1,Pathuri Ramesh,AMALAPURAM (SC),2024
VADDI,1,Vaddi Lalith Kumar,AMALAPURAM (SC),2024
YADLA,1,Yadla Rajesh,AMALAPURAM (SC),2024
YALANGI,1,Yalangi Ramesh,AMALAPURAM (SC),2024
BUSSA,1,Bussa Nagaraju,BAPATLA (SC),2024
CHINNAM,1,Chinnam Muralidhar,BAPATLA (SC),2024
J.D,1,J.D. Seelam,BAPATLA (SC),2024
JAGAN,1,Jagan Mohana Rao Dokka,BAPATLA (SC),2024
KATTAPOGU,1,Kattapogu Vijay Kumar,BAPATLA (SC),2024
KOTAIAH,1,Kotaiah Parre,BAPATLA (SC),2024
MERUGUPALA,1,Merugupala Sadasivarao,BAPATLA (SC),2024
NALAMALA,1,Nalamala Tirupathi Rao,BAPATLA (SC),2024
PALADUGU,1,Paladugu Vijendra Rao,BAPATLA (SC),2024
DAGGUMALLA,1,Daggumalla Prasada Rao,CHITTOOR (SC),2024
PURNA,1,A. Purna Chandra,CHITTOOR (SC),2024
BANDAPALLI,1,Bandapalli Ramesh,CHITTOOR (SC),2024
C.SUDHAKAR,1,C.Sudhakar,CHITTOOR (SC),2024
MAHESH,1,D. Mahesh,CHITTOOR (SC),2024
K.MUNI,1,K.Muni Krishna,CHITTOOR (SC),2024
MADASI,1,Madasi Sudharshan,CHITTOOR (SC),2024
MOTUKUR,1,Motukur Jagapathi,CHITTOOR (SC),2024
GANGAIAH,1,N. Gangaiah,CHITTOOR (SC),2024
REDDEPPA,1,N. Reddeppa,CHITTOOR (SC),2024
N.CHANDRA,1,N.Chandra Babu,CHITTOOR (SC),2024
MADHU,1,P. Madhu,CHITTOOR (SC),2024
P.JANAKI,1,P.Janaki Rama Rao ( Babu),CHITTOOR (SC),2024
PETA,1,Peta Mohan,CHITTOOR (SC),2024
NARESH,1,T Naresh,CHITTOOR (SC),2024
YUGANDAR,1,Yugandar Konda,CHITTOOR (SC),2024
