surname,caste,confidence
AALA,Kamma,high
AALAPARTHI,Kamma,high
AALAPATI,Kamma,medium
AALLURI,Kamma,high
AALOKAM,Kamma,medium
AALURI,Kamma,high
AARDALA,Kapu,medium
AARI,Kamma,medium
ABBINENI,Kamma,medium
ABBURI,Kamma,high
ABBURU,Kamma,medium
ABDUL,Muslim,high
ACHANTA,Brahmin,medium
ADAPA,Kamma,high
ADAPALA,Kamma,medium
ADAVI,SC,medium
ADDADA,Kamma,medium
ADDAGADA,Kapu,medium
ADDALA,Kapu,medium
ADDANKI,Kamma,medium
ADDEPALLI,Kamma,medium
ADEPU,SC,medium
ADINIDI,SC,medium
ADIVI,Kamma,medium
ADURY,Kamma,medium
ADUSUMALLI,Kamma,high
ADUSUMILLI,Kamma,high
AINAMPUDI,Kamma,medium
AINAPUDI,Kamma,medium
AINAVOLU,Kamma,medium
AKKALA,Kapu,medium
AKKINA,Kamma,medium
AKKINENI,Kamma,high
AKULA,Kapu,high
AKURAJU,Kamma,medium
AKURATHI,Kamma,medium
ALA,Kamma,low
ALAMURI,Kapu,medium
ALAPARTHI,Kamma,high
ALAPARTI,Kamma,medium
ALAPATI,Kamma,high
ALLA,Reddy,medium
ALLADI,Kamma,medium
ALLAM,Kapu,medium
ALLU,Kamma,medium
ALLURI,Kamma,high
ALOKAM,Kamma,medium
ALURI,Kamma,high
ALURU,Kamma,high
ALVALA,Kamma,medium
AMARANENI,Kamma,medium
AMARTHI,Kamma,medium
AMBATI,Kamma,medium
AMIRINENI,Kamma,medium
AMMINENI,Kamma,medium
AMUDALA,SC,medium
ANALA,Kapu,medium
ANANTHANENI,Kamma,medium
ANCHA,Kapu,medium
ANCHE,Kapu,medium
ANDE,Kapu,medium
ANDRA,Kamma,medium
ANKALA,Kapu,medium
ANKAM,Kamma,medium
ANKIREDDY,Reddy,high
ANNA,Kamma,low
ANNAM,Kapu,medium
ANNAMANENI,Kamma,medium
ANNANGI,Kamma,medium
ANNAPAREDDY,Reddy,high
ANNAPUREDDY,Reddy,high
ANNAVARAPU,Kamma,medium
ANNE,Kapu,medium
ANNURI,Kamma,medium
ANUMALA,Kamma,medium
ANUMOLU,Kamma,high
APPALANENI,Kamma,medium
APPASANI,Kamma,medium
ARADHYULA,Brahmin,high
ARAGALA,Kapu,medium
ARAMANDLA,Kamma,medium
ARAVAPALLI,Kamma,medium
ARDALA,Kapu,medium
ARDHALA,Kapu,medium
ARE,Reddy,high
AREKAPUDI,Kamma,medium
AREKATLA,Kamma,medium
AREPALLI,Kamma,medium
ARIGAPUDI,Kamma,medium
ARIKAPUDI,Kamma,medium
ARLA,Kapu,medium
ARTHIMALLA,Kamma,medium
ARUDALA,Kapu,medium
ARUDRA,Kamma,medium
ARUMALLA,Kapu,medium
ARVAPALLI,Kamma,medium
ARVAPALLY,Kamma,medium
ATHMAKURI,Kamma,medium
ATHOTA,Kapu,medium
ATLURI,Kamma,high
ATLURU,Kamma,high
ATMAKURI,Kamma,medium
ATMAKURU,Kamma,medium
ATTALURI,Kamma,medium
ATTULURI,Kamma,medium
ATUKURI,Kamma,medium
AVALA,Kapu,medium
AVIRNENI,Kamma,medium
AVULA,Kapu,medium
AVULAPATI,Kamma,medium
AVUTHU,SC,medium
AVUTU,Kapu,medium
AVVARU,Kamma,medium
AYINALA,Kamma,medium
AYINAPUDI,Kamma,medium
BABBURI,Kamma,medium
BACCHALA,Kapu,medium
BACHINA,Kamma,medium
BADAVATH,ST,high
BADISA,SC,medium
BAID,Vysya,high
BALAGAM,Kapu,medium
BALINA,Kamma,medium
BALINENI,Kamma,high
BALLA,Kapu,medium
BALUSU,Kamma,medium
BALUSUPATI,Kamma,medium
BANAVATH,ST,high
BANAVATHU,ST,high
BANDAPU,Kamma,medium
BANDARU,Kamma,high
BANDARUPALLI,Kamma,medium
BANDI,Kapu,medium
BANDLA,Kamma,high
BANDLAMUDI,Kamma,high
BANDREDDI,Reddy,high
BANNARAVURI,Kamma,medium
BAPANAPALLI,Kamma,medium
BASATI,Kapu,medium
BASAVA,Kapu,medium
BASHA,Muslim,high
BATCHU,Kapu,medium
BATHINA,Kamma,medium
BATHINENI,Kamma,medium
BATHULA,Kapu,high
BATTA,Kamma,medium
BATTHINA,Kapu,medium
BATTINA,Kapu,medium
BATTINENI,Kamma,medium
BATTINI,Kapu,medium
BATTU,Kapu,medium
BATTULA,Kapu,high
BAVINENI,Kamma,medium
BAYANA,Kapu,medium
BAYYA,Kapu,medium
BEERA,Kapu,medium
BEESA,Kapu,medium
BEJJAM,Kamma,medium
BELLAM,Kapu,medium
BELLAMKONDA,Kamma,medium
BETAPUDI,Kamma,medium
BETHAPUDI,Kamma,high
BETHIREDDY,Reddy,high
BETHU,Kapu,medium
BHASHYAM,Brahmin,high
BHATTIPROLU,Kamma,medium
BHAVANAM,Kamma,medium
BHAVIRISETTY,Vysya,high
BHEEMAVARAPU,Kamma,medium
BHEEMINENI,Kamma,medium
BHEMINENI,Kamma,medium
BHIMANA,SC,medium
BHIMAVARAPU,Kamma,medium
BHIMEREDDY,Reddy,high
BHIMINENI,Kamma,medium
BHIMIREDDY,Reddy,high
BHOGINENI,Kamma,medium
BHUKYA,ST,high
BHUPATHI,Kapu,medium
BHUPATHIRAJU,Kamma,high
BIBI,Muslim,medium
BIJJALA,Kapu,medium
BIKKASANI,Kamma,medium
BIKKI,Kapu,medium
BIKKINA,Kamma,medium
BILLA,Kapu,medium
BILLUPATI,Kamma,medium
BIRUDUGADDA,Kamma,medium
BITRA,Kapu,medium
BOBBA,Kapu,high
BOBBE,Kapu,medium
BODAPATI,Kamma,medium
BODAVULA,Kamma,medium
BODDA,Kamma,medium
BODDAKAYALA,Kamma,medium
BODDAPATI,Kamma,high
BODDU,Kapu,medium
BODDULURI,Kamma,high
BODDULURU,Kamma,medium
BODEPUDI,Kamma,medium
BODI,Kamma,medium
BODIPUDI,Kamma,medium
BOGGARAPU,Kamma,medium
BOGGAVARAPU,Kamma,medium
BOGI,Kapu,medium
BOGINENI,Kamma,medium
BOJJA,Kamma,medium
BOKKA,Kapu,medium
BOKKASAM,Brahmin,medium
BOKKENA,Kapu,medium
BOKKISAM,Kamma,medium
BOLISETTY,Vysya,high
BOLLA,Kapu,high
BOLLAM,Kapu,medium
BOLLEPALLI,Kamma,medium
BOLLI,Kamma,medium
BOLLINA,Kamma,medium
BOLLINENI,Kamma,medium
BOLLINIDI,Kamma,medium
BOLLU,Kapu,medium
BOLUSUPATI,Kamma,medium
BOMMAREDDY,Reddy,high
BOMMASANI,Kamma,medium
BOMMINENI,Kamma,medium
BOMMISETTI,Vysya,high
BONALA,Kamma,medium
BONAM,SC,medium
BONDA,Kapu,medium
BONDADA,Kapu,medium
BONDALAPATI,Kamma,medium
BONTHA,Kapu,medium
BONTHU,Kapu,medium
BONTHULA,Kamma,medium
BOPPANA,Kamma,high
BOPPANNA,Kamma,medium
BOPPUDI,Kamma,medium
BORRA,Kapu,high
BOTLA,Kamma,medium
BOYAPATI,Kamma,high
BOYINA,Kapu,medium
BUDATI,Kapu,medium
BUDDHA,SC,medium
BUDDI,SC,medium
BUDETI,Kapu,medium
BUDIGUTTA,Kapu,medium
BUGGINENI,Kamma,medium
BUKYA,ST,high
BULLA,Kapu,medium
BURAGADDA,Kapu,medium
BURLA,Kapu,medium
BURRA,Kamma,medium
BURRAMUKKU,SC,medium
BURUGUPALLI,Kamma,medium
BYRAPUNENI,Kamma,medium
CHADALAVADA,Kamma,medium
CHADALAWADA,Kamma,medium
CHADARAJUPALLI,Kamma,medium
CHAGANTI,Brahmin,medium
CHAGARLAMUDI,Kamma,medium
CHAKKA,Kapu,medium
CHALADI,Kapu,medium
CHALAMALAPALLI,Kamma,medium
CHALAMALASETTI,Kamma,medium
CHALAMALASETTY,Vysya,high
CHALASANI,Brahmin,medium
CHALAVADI,Kapu,medium
CHALLA,Kapu,medium
CHALLAGULLA,Kamma,medium
CHALLAGUNDLA,Kamma,high
CHALLAPALLI,Kamma,medium
CHALUVADI,Kapu,medium
CHAMALLAMUDI,Kamma,medium
CHAMARTHI,Kamma,medium
CHANAMOLU,Kamma,high
CHANDANA,Kapu,low
CHANDOLU,Kamma,high
CHANDRA,Kamma,medium
CHANDRAPATI,Kamma,medium
CHANUMOLU,Kamma,high
CHAPALAMADUGU,Kamma,medium
CHAPARALA,Kamma,high
CHAPPIDI,Kapu,medium
CHATTU,Kapu,medium
CHAVA,Kapu,medium
CHAVALA,Kapu,medium
CHAVALI,Kamma,medium
CHEBOLU,Kamma,medium
CHEBROLU,Kamma,medium
CHEDURI,Kapu,medium
CHEGONDI,Kapu,medium
CHEKURI,Kamma,high
CHEKURTHI,Kamma,medium
CHENNAKESAVULA,Kapu,medium
CHENNAM,Kapu,medium
CHENNU,Kapu,medium
CHENNUPATI,Kamma,high
CHENUMOLU,Kamma,medium
CHERUKU,Kamma,medium
CHERUKUMALLI,Kamma,medium
CHERUKUPALLI,Kamma,medium
CHERUKURI,Kamma,high
CHERUKURU,Kamma,medium
CHEVALA,Kapu,medium
CHIGURUPATI,Kamma,high
CHIKATI,Kamma,medium
CHILAKA,SC,medium
CHILAKALA,Kamma,medium
CHILAKALAPUDI,Kamma,medium
CHILAKAPATI,Kamma,medium
CHILLAPALLI,Kamma,medium
CHILLARA,Kamma,medium
CHILUKURI,Kamma,high
CHILUKURU,Kamma,medium
CHIMATA,Kapu,medium
CHINA,Kapu,low
CHINKA,Kapu,medium
CHINNAM,Kamma,medium
CHINTA,Kapu,medium
CHINTAKAYALA,Kamma,medium
CHINTAKRINDHI,Kapu,medium
CHINTAKRINDI,Kapu,medium
CHINTALA,Kapu,medium
CHINTALAPUDI,Kamma,medium
CHINTAMANENI,Kamma,high
CHINTAPALLI,Kamma,medium
CHINTHA,Kapu,medium
CHINTHAKRINDI,Kapu,medium
CHINTHALA,Kapu,medium
CHINTHALAPUDI,Kamma,medium
CHINTHANIPPU,Kamma,medium
CHINTHAPALLI,Kamma,medium
CHIRUMAMILLA,Kamma,medium
CHITLURI,Kamma,medium
CHITTABATHINA,Kamma,medium
CHITTAJALLU,Kamma,medium
CHITTINENI,Kamma,medium
CHITTIPROLU,Kamma,medium
CHITTURI,Kamma,medium
CHODE,Kamma,medium
CHUKKA,Kapu,medium
CHUKKAPALLI,Kamma,medium
CHUNCHU,ST,medium
CHUNDI,Kamma,medium
CHUNDRU,Kamma,medium
CHUNDU,Kapu,medium
CHUNDURI,Kamma,high
CHUNDURU,Kamma,high
DADI,Kapu,medium
DAGGUBATI,Kamma,high
DAGGUMALLI,Kamma,medium
DAGGUMATI,Kamma,high
DAGGUPATI,Kamma,medium
DALAVAI,Kapu,medium
DAMA,Kamma,medium
DAMACHARLA,Kamma,medium
DAMACHERLA,Kamma,medium
DAMARLA,Kamma,medium
DAMERLA,Kamma,medium
DAMINENI,Kamma,high
DAMMALAPATI,Kamma,medium
DAMULURI,Kamma,medium
DANABOINA,Kapu,medium
DANABOYINA,Kapu,medium
DANDA,Kapu,medium
DANDAMUDI,Kamma,high
DANDE,Kapu,medium
DANDLAMUDI,Kamma,high
DANDU,Kapu,medium
DANEKULA,Vysya,high
DARA,Kapu,medium
DARAM,Kapu,medium
DARAPANENI,Kamma,medium
DARLA,Kapu,medium
DARSI,Kamma,medium
DARURU,Kamma,medium
DARUVURI,Kamma,medium
DASAM,Kapu,medium
DASARI,SC,medium
DATLA,Kamma,medium
DATTA,Kamma,medium
DAVULURI,Kamma,high
DEEPALA,SC,medium
DEEVI,Kapu,medium
DENDUKURI,Kamma,medium
DESABOINA,Kapu,medium
DESABOYINA,Kapu,medium
DESU,Kapu,medium
DEVABHAKTUNI,Brahmin,high
DEVAGIRI,Kamma,medium
DEVAKI,Kamma,low
DEVALLA,Kamma,medium
DEVARAKONDA,Velama,medium
DEVARAPALLI,Kamma,medium
DEVARAPU,Kapu,medium
DEVARASETTY,Vysya,high
DEVINENI,Kamma,high
DEVIREDDY,Reddy,high
DEVISETTY,Vysya,high
DHANASARI,SC,medium
DHANASIRI,SC,medium
DHANEKULA,Vysya,high
DHANISIRI,SC,medium
DHULIPALA,Kamma,high
DHULIPALLA,Kamma,high
DIGUMARTHI,Kamma,medium
DIRISALA,Kamma,medium
DIVI,Kamma,medium
DIVVELA,Kamma,medium
DODDA,Kapu,medium
DODDAKA,Kapu,medium
DODDALA,Kapu,medium
DODDAPANENI,Kamma,medium
DODDI,Kapu,medium
DODHALA,Kamma,medium
DONAVALLI,Kamma,medium
DONDAPATI,Kamma,high
DONDETI,Kamma,medium
DONE,Kapu,medium
DONEPUDI,Kamma,medium
DONTHIREDDY,Reddy,high
DOPPALA,Kamma,medium
DOPPALAPUDI,Kamma,high
DOREDLA,Kamma,medium
DRONADULA,Kamma,medium
DRONAVALLI,Kamma,medium
DUDDEMPUDI,Kamma,medium
DUDDUKURI,Kamma,medium
DUDDUPUDI,Kamma,medium
DUDEKULA,Muslim,high
DUGGEMPUDI,Kamma,medium
DUGGINENI,Kamma,medium
DUGGIRALA,Kamma,medium
DUKKIPATI,Kamma,medium
DUNGA,Kapu,medium
DUPATI,Kamma,medium
DURGAM,Kamma,medium
DUSANAPUDI,Kamma,medium
EDARA,Kamma,medium
EDPUGANTI,Kamma,medium
EDUPUGANTI,Kamma,medium
EDUPULAPATI,Kamma,medium
EEDARA,Kamma,medium
EEMANI,Kamma,medium
EEPURI,Kamma,medium
ELAPROLU,Kamma,medium
ELURI,Kamma,high
EMMADI,Kamma,medium
EMMELA,Kamma,medium
EPURI,Kamma,medium
ERPINA,Kamma,medium
ERUKULAPATI,Kamma,medium
ERUKULLA,Kapu,medium
EVURI,Kamma,medium
GADADASU,SC,medium
GADAMSETTY,Vysya,high
GADDAM,SC,medium
GADDE,Kamma,high
GADDIPATI,Kamma,high
GADE,Kamma,high
GADELA,Kamma,medium
GADELAKSHMAREDDY,Reddy,high
GADI,Kapu,low
GADIPARTHI,Kamma,medium
GADIPUDI,Kamma,medium
GADIRAJU,Kamma,medium
GAIRUBOINA,Kapu,medium
GAIRUBOYINA,Kapu,medium
GAJULA,Vysya,medium
GALI,Kapu,medium
GALLA,Kamma,medium
GAMIDI,Kapu,medium
GAMINI,Kamma,medium
GAMPALA,Kapu,medium
GANAPATHI,Kamma,medium
GANDHAM,Brahmin,medium
GANDIKOTA,Kamma,medium
GANDRALA,Kamma,medium
GANDU,Kamma,medium
GANESUNI,Kamma,medium
GANGARAPU,Kamma,medium
GANGAVARAPU,Kamma,medium
GANGINENI,Kamma,medium
GANGISETTI,Kamma,medium
GANGURI,Kapu,medium
GANGURU,Kamma,medium
GANJALA,Kamma,medium
GANJI,Kapu,medium
GANJIKUNTA,Kapu,medium
GANNAMANENI,Kamma,medium
GANNAMANI,Kamma,medium
GANNAVARAPU,Kamma,medium
GANNE,Kamma,medium
GANNI,Kamma,medium
GANTA,Kamma,medium
GANTTA,Kapu,medium
GARAPATI,Kamma,medium
GARIKAPATI,Kamma,high
GARIKIPATI,Kamma,high
GARIMELLA,Brahmin,high
GARLAPATI,Kamma,medium
GARNETI,Kapu,medium
GARUGU,Kapu,medium
GATTAMANENI,Kamma,medium
GATTEM,Kapu,medium
GATTINENI,Kamma,medium
GATTIPATI,Kamma,medium
GATTU,Kamma,medium
GAVINI,Kamma,medium
GEDA,Kapu,medium
GELLI,Kapu,medium
GETHAM,Kapu,medium
GETTAM,Kapu,medium
GETTEM,Kapu,medium
GHANTA,Kamma,high
GHATTAMANENI,Kamma,high
GINJUPALLI,Kamma,high
GODAPATI,Kamma,medium
GODAVARTHI,Kamma,medium
GODAVARTI,Kamma,medium
GODITHI,Kapu,medium
GOGINENI,Kamma,high
GOGULAMUDI,Kamma,medium
GOGULAPATI,Kamma,medium
GOKANAKONDA,Kamma,medium
GOKARAJU,Kamma,high
GOLAKOTI,Kapu,medium
GOLI,Kapu,medium
GOLLA,Yadava,high
GOLLAMUDI,Kamma,medium
GOLLAPALLI,Kamma,high
GOLLAPUDI,Kamma,high
GONDI,ST,medium
GONEPUDI,Kamma,medium
GONISAPUDI,Kamma,medium
GONUGUNTA,Kamma,medium
GONUGUNTLA,Kamma,high
GOPAVARAPU,Kamma,medium
GOPIDESI,Kamma,medium
GOPISETTI,Vysya,high
GOPISETTY,Vysya,high
GORAGANTI,Kamma,medium
GORANTLA,Kamma,medium
GORIJALA,Kamma,high
GORINKA,Kapu,medium
GORIZALA,Kamma,medium
GORREPATI,Kamma,medium
GORTHI,Kamma,medium
GOTTAM,Kapu,medium
GOTTIMUKKALA,Kamma,medium
GOTTIPATI,Kamma,high
GOTTUMUKKALA,Kamma,medium
GOURNENI,Kamma,medium
GOVADA,Kamma,medium
GOVINDU,Kapu,medium
GOVINI,Kamma,medium
GOWRNENI,Kamma,medium
GRANDHI,Brahmin,medium
GUDAPATI,Kamma,high
GUDAVALLI,Kamma,high
GUDE,Kapu,medium
GUDI,Kapu,medium
GUDIBANDI,Kapu,medium
GUDIPATI,Kamma,medium
GUDIPUDI,Kamma,medium
GUDISA,Kamma,medium
GUDISE,Kapu,medium
GUDIVADA,Kamma,medium
GUDURI,Kamma,high
GUDURU,Kamma,high
GUJARLAPUDI,Kamma,medium
GUJJA,Kapu,medium
GUJJALA,Kamma,medium
GUJJALAPUDI,Kamma,medium
GUJJARLAPOODI,Kamma,medium
GUJJARLAPUDI,Kamma,high
GULLAPALLI,Kamma,high
GUMMA,Kapu,high
GUMMADI,Kamma,high
GUMMADILLI,Kamma,medium
GUMMALLA,Kamma,medium
GUNAKALA,Kamma,medium
GUNDA,Kapu,medium
GUNDALA,Kapu,medium
GUNDAPANENI,Kamma,medium
GUNDAPU,Kapu,medium
GUNDE,Kamma,medium
GUNDLAPALLI,Kamma,medium
GUNDREDDY,Reddy,high
GUNDU,Kapu,medium
GUNJI,Kapu,medium
GUNNAM,Kapu,medium
GUNTAKA,Kapu,medium
GUNTAMUKKALA,Kamma,medium
GUNTUKU,Kamma,medium
GUNTUPALLI,Kamma,high
GUNTURU,Kamma,medium
GURAJALA,Kamma,medium
GURIJALA,Kamma,medium
GURRALA,Kapu,medium
GURRAM,Kapu,high
GUTHA,Kapu,medium
GUTHIKONDA,Kamma,medium
GUTLAPALLI,Kamma,medium
GUTTA,Kapu,high
GUTTHIKONDA,Kamma,medium
GUTTI,Kapu,medium
GUTTIKONDA,Kamma,medium
GUVVALA,Kapu,medium
HANUMANTHU,Kamma,medium
HANUMARA,Kamma,medium
HANUMOLU,Kamma,medium
IDUPALAPATI,Kamma,high
IDUPULA,Kamma,medium
IDUPULAPATI,Kamma,high
IKKURTHI,Kamma,medium
IMADABATTHUNI,Kamma,medium
IMMADI,Kamma,medium
IMMADISETTY,Vysya,high
IMMANNI,Kamma,medium
INAGANTI,Kamma,medium
INAMPUDI,Kamma,high
INAMPUUDI,Kamma,medium
INANPUDI,Kamma,medium
INAPUDI,Kamma,medium
INAVOLU,Kamma,medium
INDLA,Kamma,medium
INDUKURI,Kamma,medium
INDURTHI,Kamma,high
INDURTI,Kamma,high
INKOLLU,Kamma,medium
INTURI,Kamma,medium
INTURU,Kamma,medium
INUGANTI,Kamma,medium
INUKOLLU,Kamma,medium
IRIGINENI,Kamma,medium
IRRINKI,Kapu,medium
IRUGULAPATI,Kamma,medium
IRUKULAPATI,Kamma,medium
ISUKAPALLI,Kamma,medium
JAGARLAMUDI,Kamma,high
JAGATHA,Kapu,medium
JAIN,Vysya,medium
JAKKA,Kapu,medium
JAKKAMPUDI,Kamma,medium
JALADI,Kamma,medium
JALI,Kapu,medium
JALLURI,Kamma,medium
JAMI,Kamma,medium
JAMMALA,Kapu,medium
JAMMIGUMPULA,Kamma,medium
JAMMULA,Kamma,high
JAMPALA,Kamma,medium
JAMPANI,Kapu,medium
JANDHYALA,Kamma,medium
JANGA,Kapu,medium
JANGALA,Kamma,medium
JANJANAM,Brahmin,medium
JANYAVULA,Kamma,medium
JARUGULA,Kapu,medium
JASTHI,Kamma,high
JASTI,Kamma,high
JASTRI,Kamma,medium
JASTY,Kamma,medium
JAVVADI,Kamma,medium
JAVVAJI,Kamma,medium
JETTI,Vysya,medium
JETTY,Vysya,medium
JIDUGU,Kamma,medium
JILLELLAMUDI,Kamma,medium
JOGI,Kapu,medium
JONNA,Kapu,medium
JONNADULA,Kamma,medium
JONNAKUTI,Kamma,medium
JONNAKUTTI,Kamma,medium
JONNALA,Kapu,medium
JONNALAGADA,Kamma,medium
JONNALAGADDA,Kamma,high
JUJALA,Kapu,medium
JUMMULA,Kapu,medium
JUPUDI,Kamma,medium
JUTU,Kapu,medium
JUVVA,Kamma,medium
JYOTHULA,Kapu,medium
KAAPA,Kamma,medium
KAATA,Kamma,medium
KADIVENDI,Kamma,medium
KADIYALA,Brahmin,medium
KADIYAM,Kamma,high
KADURI,Kamma,medium
KAGGA,Kapu,medium
KAILA,Kapu,medium
KAJA,Kapu,medium
KAKA,Kapu,medium
KAKANI,Kamma,medium
KAKARALA,Kamma,medium
KAKARLA,Kamma,high
KAKI,Kapu,medium
KAKKERA,Kamma,medium
KAKUMAANU,Kamma,medium
KAKUMANI,Kamma,medium
KAKUMANU,Kamma,high
KALAGARA,Kapu,medium
KALAHASTI,Kapu,medium
KALANGI,Kamma,medium
KALAPAALA,Kamma,medium
KALAPALA,Kamma,medium
KALARI,Kamma,medium
KALAVAKOLLU,Kamma,medium
KALIDINDI,Kamma,medium
KALISETTY,Vysya,high
KALLA,Kamma,medium
KALLAM,Kamma,medium
KALLURI,Kamma,medium
KALUGURI,Kapu,medium
KALUVAKOLLU,Kamma,medium
KAMANI,Kamma,medium
KAMARAJUGADDA,Kamma,medium
KAMBAMPATI,Kamma,medium
KAMBHAMPATI,Kamma,high
KAMBOJI,Kapu,medium
KAMCHARLA,Kamma,medium
KAMEPALLI,Kamma,medium
KAMINENI,Kamma,high
KAMINI,Kamma,medium
KAMIREDDY,Kamma,medium
KAMMA,Kamma,high
KAMMULA,Kapu,medium
KAMSALA,Kamma,medium
KANAGALA,Kamma,medium
KANAKAMEDALA,Kamma,medium
KANAMARLAPUDI,Kamma,medium
KANAPARTI,Kamma,medium
KANATARAPU,Kamma,medium
KANATHARAPU,Kamma,medium
KANATHAVARAPU,Kamma,medium
KANCHARLA,Kamma,high
KANCHERLA,Kamma,medium
KANCHETI,Kamma,medium
KANDALA,Kamma,medium
KANDEPI,Kamma,medium
KANDEPU,Kamma,medium
KANDHI,Kamma,medium
KANDIMALLA,Kamma,high
KANDRA,Kapu,medium
KANDRU,SC,medium
KANDUKURI,Kamma,medium
KANDULA,Kapu,medium
KANIGIRI,Kamma,medium
KANKANALA,Kamma,medium
KANKIPATI,Kapu,medium
KANNA,Kapu,medium
KANNEGANTI,Kamma,medium
KANTAMANENI,Kamma,high
KANTAMANI,Kamma,medium
KANTAMNENI,Kamma,high
KANTE,Kamma,medium
KANTETI,Kamma,high
KANTHETI,Kamma,high
KANTIPUDI,Kamma,medium
KANUKOLANU,Kamma,medium
KANULLA,Kapu,medium
KANUMURI,Kamma,medium
KANUMURU,Kamma,medium
KANURI,Kamma,medium
KANURU,Kamma,medium
KAPA,Kapu,medium
KAPARAPU,Kapu,medium
KAPAROUTHU,Kapu,medium
KAPU,Kamma,medium
KARAMPUDI,Kamma,medium
KARAMSETTY,Vysya,high
KARANAM,Kamma,high
KARANTI,Kamma,medium
KAREMPUDI,Kamma,medium
KARETI,Kapu,medium
KARI,Kapu,medium
KARLA,Kapu,medium
KARLAPUDI,Kamma,medium
KARNATI,Kapu,medium
KARPURAPU,Kapu,medium
KARRI,Kapu,medium
KARUKUMALLI,Kamma,medium
KARUMANCHI,Kamma,high
KARUMUDI,Kamma,medium
KARUMURI,Kapu,medium
KARUMURU,Kamma,medium
KARUTURI,Kamma,medium
KASARAGADDA,Kamma,medium
KASARANENI,Kamma,medium
KASIREDDY,Reddy,high
KASTALA,Kamma,medium
KASTURI,Kamma,medium
KASUKURTHI,Kamma,medium
KASULA,SC,medium
KATA,Kapu,medium
KATAKAM,Kapu,medium
KATAMANENI,Kamma,medium
KATARI,Kapu,medium
KATEPALLI,Kamma,medium
KATIKALA,Kapu,medium
KATIKELA,Kapu,medium
KATLA,Kapu,medium
KATLAGUNTA,Kapu,medium
KATRAGADDA,Kamma,high
KATTA,Kapu,high
KATTEPOGU,Kapu,high
KATURI,Kamma,medium
KAVURI,Kamma,high
KAVURU,Kamma,high
KAZA,Brahmin,medium
KESANI,Kamma,medium
KESINENI,Kamma,medium
KETHINENI,Kamma,medium
KHANDE,Kapu,medium
KHAREEDU,Kapu,medium
KILARI,Kamma,medium
KILARU,Kamma,high
KINJARAPU,Kamma,medium
KODALI,Kamma,high
KODE,Kamma,medium
KODEBOINA,Kapu,medium
KODELA,Kamma,high
KODURI,Kamma,medium
KODURU,Kamma,medium
KOGANTI,Kamma,high
KOJJA,Kapu,medium
KOKA,Muslim,low
KOLA,Kapu,medium
KOLAGANI,Kapu,medium
KOLAKALAPUDI,Kamma,medium
KOLASANI,Kamma,high
KOLAVENNU,Kamma,medium
KOLISETTY,Vysya,high
KOLLA,Kamma,high
KOLLI,Kamma,high
KOLLIKONDA,Kamma,medium
KOLLIMARLA,Kamma,medium
KOLLIPARA,Kamma,medium
KOLLU,Kamma,medium
KOLLURI,Kamma,medium
KOLLURU,Kamma,medium
KOLUSU,Kapu,medium
KOMARAVOLU,Kamma,medium
KOMATI,Vysya,high
KOMATINENI,Kamma,high
KOMMA,Kapu,medium
KOMMALAPATI,Kamma,medium
KOMMANA,Kapu,medium
KOMMANENI,Kamma,medium
KOMMAREDDI,Reddy,high
KOMMAREDDY,Reddy,high
KOMMINENI,Kamma,high
KOMMURI,Kamma,medium
KONAKALLA,Kamma,medium
KONAKANCHI,Kamma,medium
KONAKANDLA,Kamma,medium
KONANKI,Kamma,medium
KONATHAM,Kapu,medium
KONDA,Kapu,high
KONDABALA,Kamma,medium
KONDABOLU,Kamma,medium
KONDALA,Kapu,medium
KONDAMUDI,Kamma,medium
KONDAPALLI,Kamma,medium
KONDAPANENI,Kamma,medium
KONDAVEETI,Kamma,medium
KONDEPATI,Kamma,high
KONDEPU,Kapu,medium
KONDIPATI,Kamma,medium
KONDISETTY,Vysya,high
KONDRAGUNTA,Kamma,medium
KONDRAKUNTA,Kamma,medium
KONDREDDI,Reddy,high
KONDREDDY,Reddy,high
KONDRU,Kapu,medium
KONDURU,Kamma,medium
KONERU,Kamma,high
KONETI,Kapu,medium
KONGARA,Kapu,medium
KONKA,Kapu,medium
KONURU,Kamma,medium
KOPPAKA,Kamma,medium
KOPPAKULA,Kamma,medium
KOPPOLU,Kamma,medium
KOPPULA,Kamma,medium
KOPPURAVURI,Kamma,medium
KORA,Kapu,medium
KORADA,Kamma,medium
KORIPALLI,Kamma,medium
KORITALA,Kamma,high
KORRAPATI,Kamma,medium
KORUKONDA,Kamma,medium
KOSARAJU,Kamma,high
KOSURI,Kamma,medium
KOSURU,Kamma,medium
KOTA,Kapu,high
KOTAGIRI,Kapu,medium
KOTAPATI,Kamma,high
KOTARU,Kamma,medium
KOTHA,Kapu,medium
KOTHAMASU,Kamma,medium
KOTHAPALLI,Kamma,medium
KOTHARI,Vysya,high
KOTHURI,Kamma,medium
KOTIPALLI,Kamma,medium
KOTLA,Kapu,medium
KOTTA,Kapu,medium
KOTTAPALLI,Kamma,medium
KOTTE,Kapu,medium
KOVELAMUDI,Kamma,medium
KOVI,Kamma,medium
KOVVURI,Kamma,high
KOYA,ST,high
KOYI,Kapu,medium
KOYYAGURA,Kapu,medium
KRAPA,Kapu,medium
KROSURI,Kamma,medium
KROTHAPALLI,Kamma,medium
KUCHIPUDI,Kamma,high
KUDARAVALLI,Kamma,medium
KUKATLA,Kapu,medium
KUKKALA,Kapu,medium
KUKKAPALLI,Kamma,medium
KUNAM,Kamma,medium
KUNCHA,Kapu,medium
KUNDLA,Kamma,medium
KUNISETTY,Vysya,high
KUNKU,Kapu,medium
KUNTAMUKKALA,Kamma,medium
KUPPALA,Kapu,medium
KURAGANTI,Kamma,medium
KURAKULA,Kapu,medium
KURAPATI,Kamma,medium
KURELLA,Kamma,medium
KURMALA,Kapu,medium
KURRA,Kapu,high
KURRE,Kapu,medium
KUSAM,Kapu,medium
LAGADAPATI,Kamma,medium
LAKKIMSETTY,Vysya,high
LAKKOJU,Kamma,medium
LALAJI,Vysya,high
LAM,Kamma,low
LAMBU,Kamma,medium
LANKA,Kamma,high
LANKAPALLI,Kamma,medium
LANKE,Kapu,medium
LAVU,Kamma,medium
LEKKALA,SC,medium
LELLA,Kamma,medium
LINGAM,Kapu,low
LINGAMANENI,Kamma,medium
LINGAMGUNTA,Kamma,medium
LINGAMNENI,Kamma,medium
LINGAMSETTI,Vysya,high
LINGAMSETTY,Vysya,high
LINGINENI,Kamma,medium
MACHAVARAPU,Kamma,high
MACHINENI,Kamma,medium
MADA,Kapu,medium
MADALA,SC,high
MADAMANCHI,Kamma,medium
MADAMSETTY,Vysya,high
MADANA,Kapu,low
MADAPATI,Kamma,medium
MADASU,Kapu,medium
MADDALA,Kapu,medium
MADDALI,Kamma,medium
MADDENA,Kamma,medium
MADDI,Kapu,medium
MADDINENI,Kamma,high
MADDIPATI,Kamma,medium
MADDIPATLA,Kamma,medium
MADDIRALA,Kamma,medium
MADDU,Kapu,medium
MADDUKURI,Kamma,medium
MADDULA,Kapu,medium
MADDURI,Kamma,medium
MADHIRA,Kamma,medium
MADINENI,Kamma,medium
MADIRA,Kamma,medium
MADIREDDY,Reddy,high
MADU,Kapu,medium
MAGAM,Kamma,medium
MAGANTI,Kamma,high
MAGHAM,Kapu,medium
MAGULURI,Kamma,medium
MAGULURU,Kamma,medium
MAHAMKALI,Kamma,medium
MAHAMMED,Muslim,medium
MAILA,SC,medium
MAINENI,Kamma,medium
MAJETI,Kamma,medium
MAKINENI,Kamma,high
MAKKAPATI,Kamma,medium
MAKKE,Kapu,medium
MAKKENA,Kapu,medium
MALADI,Kamma,medium
MALAKAPURAPU,Kamma,medium
MALAVATH,ST,high
MALEMPATI,Kamma,medium
MALEPATI,Kamma,medium
MALINENI,Kamma,medium
MALISETTI,Kamma,medium
MALISETTY,Vysya,high
MALKAPURAPU,Kamma,medium
MALLADI,Brahmin,medium
MALLAMPATI,Kamma,medium
MALLAVARAPU,Kamma,medium
MALLELA,SC,medium
MALLEMKONDA,Kapu,medium
MALLEMPALLI,Kamma,medium
MALLEMPATI,Kamma,medium
MALLEPEDDI,Kamma,medium
MALLIDI,Kamma,medium
MALLINA,Kamma,medium
MALLINENI,Kamma,medium
MALLIPEDDI,Kamma,medium
MALLISETTI,Vysya,high
MALNEEDI,Kamma,medium
MALNIDI,Kamma,medium
MAMIDI,Kapu,medium
MAMILLA,Kamma,medium
MAMILLAPALLI,Kamma,high
MANAM,Kapu,low
MANCHALA,Kapu,medium
MANCHIKALAPUDI,Kamma,high
MANCHIKANTI,Kamma,medium
MANCHINENI,Kamma,medium
MANDA,Kapu,medium
MANDADAPU,Kamma,medium
MANDADI,Kapu,medium
MANDALA,SC,medium
MANDALAPU,Kamma,medium
MANDALI,Kamma,medium
MANDAPALLI,Kamma,medium
MANDAPATI,Kamma,medium
MANDAVA,Kamma,high
MANDEPUDI,Kamma,medium
MANDHADI,Kapu,medium
MANDRU,Kapu,medium
MANDURI,Kamma,medium
MANDUVA,Kamma,medium
MANEM,Kamma,medium
MANEPALLI,Kamma,medium
MANGAMUDI,Kamma,medium
MANGAMURI,Kamma,medium
MANGAPATI,Kamma,medium
MANIKONDA,Kamma,medium
MANKINA,Kapu,medium
MANNAM,Kamma,medium
MANNAVA,Kamma,high
MANNE,Kapu,high
MANNEM,Kapu,medium
MANNEPALLI,Kapu,medium
MANTENA,Kamma,medium
MANUBOLU,Kamma,medium
MANUKONDA,Kapu,medium
MANYAM,Kamma,medium
MARACHU,Kapu,medium
MARAM,Kapu,medium
MARELLA,Kapu,medium
MARINENI,Kamma,medium
MARNENI,Kamma,medium
MARNI,Kapu,medium
MARRAPU,Kamma,medium
MARREDDY,Reddy,high
MARRI,Kapu,high
MARRIPUDI,Kamma,medium
MARUPUDI,Kamma,medium
MASARAPU,SC,medium
MATHI,Kapu,medium
MATLURI,Kamma,medium
MATTA,Kapu,medium
MATTE,Kapu,medium
MATTEGUNTA,Kamma,medium
MATTIGUNTA,Kapu,medium
MATTUKOYYA,Kapu,medium
MATTUPALLI,Kamma,medium
MAVULURI,Kapu,medium
MAVURI,Kapu,medium
MEDA,SC,medium
MEDABALIMI,SC,medium
MEDAPATI,Kamma,medium
MEDARAMETLA,Kamma,high
MEDASANI,Kamma,high
MEDIKONDA,Kamma,medium
MEDISETTI,Vysya,high
MEDISETTY,Vysya,high
MEDURI,Kamma,medium
MEENAMPALLI,Kamma,medium
MEESALA,Kapu,medium
MEGHAVATH,ST,high
MEKA,Kamma,high
MEKALA,SC,high
MEKAPOTHULA,Kamma,medium
MEKKINA,Kamma,medium
MENDEM,Kapu,medium
MERIGA,Kapu,medium
MERLA,SC,medium
METLA,Kapu,medium
METTA,Kamma,medium
MIKKILI,Kamma,medium
MIKKILINENI,Kamma,high
MINAMPALLI,Kamma,medium
MINENI,Kamma,medium
MIRIYALA,Kapu,medium
MITTAPALLI,Kamma,medium
MITTISILA,Kapu,medium
MODALA,SC,medium
MODALI,Brahmin,medium
MODEPALLI,Kamma,medium
MODUGULA,Kamma,medium
MODUKURI,Kamma,medium
MOGILIPU,Kamma,medium
MOHAMATAM,Kamma,medium
MOHAMMAD,Muslim,high
MOHAMMED,Muslim,high
MOKAMATAM,Kamma,high
MOKHAMATAM,Kamma,high
MOKKAPATI,Kamma,medium
MOLABANTI,Kapu,medium
MOLAKALA,Kamma,medium
MOLAKALAPALLI,Kamma,medium
MOPARTHI,Kamma,medium
MOPARTHY,Kamma,medium
MOPARTI,Kamma,medium
MORAMPUDI,Kamma,medium
MORLA,Kapu,medium
MOSALA,SC,medium
MOTAMARRI,Kamma,medium
MOTHUKURI,Kamma,medium
MOTUKURI,Kamma,medium
MOTURI,Kamma,medium
MOTURU,Kamma,medium
MOVVA,Kamma,high
MUDDANA,Kapu,medium
MUDDINENI,Kamma,medium
MUDIGONDA,Kamma,medium
MUDUNURI,Kamma,medium
MUKKALA,Kapu,medium
MUKKAMALA,Kamma,high
MUKKAPATI,Kamma,medium
MUKTHINENI,Kamma,medium
MULLA,Muslim,high
MULLAGURU,Kamma,medium
MULLANGI,Kamma,medium
MULLAPUDI,Kamma,high
MULPURI,Kamma,medium
MULPURU,Kamma,medium
MULUPURI,Kamma,medium
MUMMADISETTY,Vysya,high
MUMMALANENI,Kamma,medium
MUMMANENI,Kamma,medium
MUNAGA,Kapu,medium
MUNAGALA,Kamma,medium
MUNAVATH,ST,high
MUNAVATTU,Kapu,medium
MUNDLURU,Kamma,medium
MUNDRA,Kamma,medium
MUNDRU,Kapu,medium
MUNGARA,Kamma,medium
MUNNANGI,Kamma,medium
MUPPA,Kapu,medium
MUPPALA,Kamma,medium
MUPPALANENI,Kamma,medium
MUPPALLA,Kamma,high
MUPPANA,Kamma,medium
MUPPANENI,Kamma,medium
MUPPARAJU,Kamma,medium
MUPPAVARAPU,Kamma,high
MUPPERA,Kapu,medium
MUPPIDI,Kamma,medium
MUPPIRISETTY,Vysya,high
MUPPURI,Kamma,medium
MUPPUVARAPU,Kamma,medium
MURAKONDA,Kapu,medium
MURIKIPUDI,Kamma,medium
MURUGUDU,Kapu,medium
MURUKONDA,Kamma,medium
MUSUNURI,Kamma,high
MUSUNURU,Kamma,high
MUTHAVARAPU,Kamma,high
MUTHINENI,Kamma,medium
MUTTINENI,Kamma,medium
MUTYALA,SC,medium
MUVVA,Kamma,high
MUVVALA,Kamma,medium
MYLA,SC,medium
MYLAVARAPU,Kapu,medium
MYNAMPATI,Kamma,medium
MYNEDI,Kamma,medium
MYNENI,Kamma,high
NADELLA,Kamma,high
NADENDLA,Kamma,medium
NADIKATTU,Kapu,medium
NADIMPALLI,Kamma,medium
NADIPINENI,Kamma,medium
NAGABHAIRAVA,Brahmin,high
NAGABHIRAVA,Kamma,medium
NAGABHYRU,Kamma,medium
NAGABOYINA,Kamma,medium
NAGALLA,Kapu,medium
NAGAM,Kapu,low
NAGANDLA,Kamma,medium
NAGINENI,Kapu,medium
NAGIREDDY,Reddy,high
NAGULAPATI,Kamma,medium
NAIDU,Kamma,medium
NAKKA,Kapu,medium
NALABOLU,Kamma,medium
NALADALA,Kamma,medium
NALAJALA,Kamma,medium
NALAM,Kamma,medium
NALAMOTHU,Kamma,medium
NALLA,Kapu,medium
NALLABOTHULA,Kamma,medium
NALLAGATLA,Kamma,medium
NALLAGONDA,SC,medium
NALLAGORLA,Kamma,medium
NALLAMALA,Kamma,medium
NALLAMILLI,Kamma,medium
NALLAMOTHU,Kamma,high
NALLAMOTHULA,Kamma,medium
NALLANI,Kapu,medium
NALLANUKALA,Kamma,medium
NALLAPANENI,Kamma,medium
NALLAPATI,Kamma,medium
NALLIBOENA,Kamma,medium
NALLOGORLA,Kamma,medium
NALLURI,Kamma,high
NALLURU,SC,medium
NAMALA,Kapu,medium
NAMANA,Kapu,medium
NAMBALLA,Kamma,medium
NAMBURI,Brahmin,high
NAMBURU,Brahmin,high
NANAPANENI,Kamma,medium
NANDAM,Kamma,medium
NANDAMURI,Kamma,high
NANDANAMUDI,Kamma,medium
NANDIGAM,Kamma,medium
NANDIGAMA,Kamma,medium
NANDIPATI,Kamma,medium
NANDURI,Kamma,medium
NANDURU,Kamma,medium
NANGINENI,Kamma,medium
NANNAPANENI,Kamma,high
NARA,Kamma,medium
NARAGAM,Kamma,medium
NARAHARISETTY,Vysya,high
NARINA,Kamma,medium
NARISETTI,Kamma,medium
NARISETTY,Vysya,high
NARLA,Kamma,high
NARNE,Kamma,medium
NARNI,Kamma,medium
NARRA,Kamma,high
NARRAVULA,Kamma,medium
NATANI,ST,medium
NATHANI,Muslim,medium
NAVULURI,Kamma,medium
NAYUDU,Kamma,medium
NEELAM,SC,medium
NEELI,SC,medium
NEELISETTY,Vysya,high
NEERUKONDA,Kamma,high
NEERUMALLA,Kamma,medium
NEKKALAPU,Kamma,medium
NEKKALAPUDI,Kamma,medium
NEKKANTI,Kamma,medium
NELAKUDHITI,Kamma,high
NELAKUDITI,Kamma,high
NELAKURTHI,Kamma,medium
NELAPAATI,Kamma,medium
NELAPATI,Kamma,medium
NELAVALLI,Kamma,medium
NELLURI,Kamma,high
NELLURU,Kamma,medium
NELLUTLA,Kamma,medium
NEMALIKANTI,Kamma,medium
NEMALIPURI,Kamma,medium
NEMANI,Kamma,medium
NENAWAT,ST,high
NEPPALLI,Kamma,medium
NERELLA,Kamma,medium
NERUKONDA,Kamma,medium
NETHI,Kapu,medium
NETTEM,Kamma,medium
NIDADAVOLU,Kamma,medium
NIDAMANURI,Kamma,medium
NIDUMUKKALA,Kamma,medium
NIKKU,Kamma,medium
NIMMAGADDA,Kamma,high
NIMMALA,Kamma,medium
NISSANKARARAO,Kapu,medium
NOOKALA,Kamma,medium
NORI,Kamma,medium
NUKALA,Kapu,medium
NUKAVARAPU,Kamma,medium
NULI,Kamma,medium
NUNE,Kamma,medium
NUNNA,Kamma,medium
NUTAKKI,Kamma,high
NUTALAPATI,Kamma,high
NUTHAKI,Kamma,high
NUTHAKKI,Kamma,high
NUTHALAPAATI,Kamma,medium
NUTHALAPATI,Kamma,high
NUTHETI,Kamma,medium
NUTHI,Kamma,medium
NUTULAPATI,Kamma,medium
NUVVULA,Kapu,medium
OGIRALA,Kamma,medium
OLETI,Kamma,medium
ORUGANTI,Kamma,medium
PAALAKAYALA,Kamma,high
PAARA,Kapu,medium
PABBATHI,Kamma,medium
PABBISETTY,Vysya,high
PACHAVA,Kamma,medium
PADALA,Kapu,medium
PADAMATA,Kamma,medium
PADARTHI,Kamma,medium
PADILAM,Kamma,medium
PADMANABHUNI,Brahmin,medium
PAGADALA,Kapu,medium
PAGOLU,Kamma,medium
PAIDI,Kapu,medium
PAKALAPATI,Kamma,medium
PALA,Kapu,medium
PALADUGU,Kamma,high
PALADUGULA,Kamma,medium
PALAGANI,Kamma,high
PALAKAYALA,Kamma,high
PALAKURTI,Kamma,medium
PALAPARTHI,Kamma,medium
PALAPARTI,Kamma,medium
PALEM,Kamma,medium
PALEPU,Kamma,medium
PALERU,Kamma,medium
PALETI,Kamma,medium
PALLA,Kapu,medium
PALLABOTULA,Kamma,medium
PALLAM,Kapu,medium
PALLAPOTHU,Kapu,medium
PALLEMPATI,Kamma,medium
PALLEPOGU,Kapu,medium
PALNATI,Kamma,medium
PALURI,Kapu,medium
PALURU,Kamma,medium
PAMARTHI,Kapu,medium
PAMIDI,Kamma,medium
PAMIDIMARRI,Kamma,medium
PAMIDIMUKKALA,Kamma,high
PAMIDIPATI,Kamma,medium
PAMULAPATI,Kamma,medium
PANAKALA,Kamma,medium
PANCHAGNULA,Brahmin,medium
PANCHUMARTHI,Brahmin,medium
PANCHUMARTI,Kamma,medium
PANDALA,Kamma,medium
PANDI,Kapu,medium
PANDRANGI,Kamma,high
PANGA,Kapu,medium
PANGULURI,Kamma,high
PAPANA,Kapu,medium
PAPASANI,Kamma,medium
PAPINENI,Kamma,high
PARA,Kapu,high
PARAA,Kamma,medium
PARCHURI,Kamma,medium
PAREPALLI,Kamma,medium
PARIMI,Kamma,medium
PARITALA,Kamma,medium
PARUCHURI,Kamma,high
PARUCHURU,Kamma,high
PARVATANENI,Kamma,medium
PARVATHAM,Kamma,medium
PARVATHANENI,Kamma,high
PASALA,Kapu,medium
PASAM,Kapu,medium
PASUMARTHI,Kamma,medium
PASUPULETI,Kamma,high
PATAN,Muslim,high
PATCHAVA,Kamma,medium
PATCHIGOLLA,Kamma,medium
PATCHIPULUSU,Kamma,medium
PATHAKAMURI,Kamma,medium
PATHAN,Muslim,high
PATHI,Kapu,medium
PATHURI,Kapu,medium
PATHURU,Kamma,medium
PATIBANDLA,Kamma,high
PATLOLLA,Kamma,medium
PATTAN,Muslim,high
PATTELA,Kapu,medium
PATTIPATI,Kamma,medium
PATURI,Kamma,high
PAVULURI,Kamma,medium
PAVULURU,Kamma,medium
PAYYAVULA,Vysya,medium
PEDDI,SC,high
PEDDINENI,Kamma,medium
PEDDIREDDY,Reddy,high
PEDDISETTY,Vysya,high
PEDDU,SC,medium
PEMMARAJU,Kamma,high
PEMMASANI,Kamma,medium
PENDURTHI,Kamma,medium
PENDYALA,Kamma,medium
PENMETSA,Kamma,medium
PENNETI,Kamma,medium
PENTALA,Kamma,medium
PENTELA,Kamma,medium
PENTYALA,Kamma,medium
PENUGONDA,Kamma,medium
PENUMAKA,Kamma,medium
PENUMALLI,Kamma,medium
PENUMARTHI,Kamma,high
PENUMUCCHU,Kamma,medium
PENUMUCHU,Kamma,medium
PERAM,Kapu,medium
PERASANI,Kamma,medium
PERAVALI,Kamma,medium
PERLA,Kapu,medium
PERUBOINA,Kapu,medium
PERUGU,Kapu,medium
PERUMALLA,Kapu,medium
PERURI,Kapu,medium
PETETI,Kapu,medium
PIDAPARTHY,Kamma,medium
PIDIKITI,Kapu,medium
PIDUGU,Kapu,medium
PILLA,Kapu,medium
PILLI,Kapu,medium
PINNAKA,Kamma,medium
PINNAMANENI,Kamma,high
PINNINTI,Kapu,medium
PODAPATI,Kamma,medium
PODILE,SC,medium
PODILI,Kapu,medium
POKALA,Kapu,medium
POKURI,Kamma,medium
POLA,Kamma,medium
POLAGANGU,Kapu,medium
POLAREDDY,Reddy,high
POLAVARAPU,Kamma,high
POLIMETLA,Kamma,medium
POLINA,Kamma,medium
POLINENI,Kamma,medium
POLISETTY,Vysya,high
POLU,SC,high
POLURU,Kamma,medium
PONAGANTI,Kamma,medium
PONAKALA,Kamma,medium
PONDURI,Kamma,medium
PONGULETI,Kamma,medium
PONNAM,Kamma,high
PONNAPALLI,Kamma,medium
PONNEKANTI,Kamma,high
PONNURU,Kamma,medium
PONUGOTI,Kamma,medium
PONUGUPATI,Kamma,medium
POOLA,Kapu,medium
POPURI,Kamma,medium
POSA,Kapu,medium
POSANI,Kamma,medium
POTHAKAMURI,Kamma,medium
POTHAMSETTY,Vysya,high
POTHARAJU,Kamma,medium
POTHINA,Kamma,medium
POTHINENI,Kamma,high
POTHINI,Kamma,medium
POTHULA,Kapu,medium
POTHURAJU,SC,medium
POTHURI,Kamma,medium
POTLA,Kapu,medium
POTLURI,Kamma,high
POTNURU,Kamma,medium
POTRU,Kapu,medium
POTTI,Brahmin,high
POTTURI,Kamma,high
POTUGANTI,Kamma,medium
POTURAJU,SC,medium
PRATHIPATI,Kamma,high
PRATHURI,Kamma,medium
PRATTIPATI,Kamma,high
PREGADA,Brahmin,medium
PUCHAKAYALA,Kamma,medium
PUCHHAKAYALA,Kamma,medium
PUDOTA,Kapu,medium
PUJALA,Kapu,medium
PUJALI,Kamma,medium
PULA,Kapu,medium
PULAGAM,Kapu,medium
PULAVARTHI,Kamma,medium
PULI,Kapu,high
PULIBANDLA,Kapu,medium
PULIGA,Kapu,medium
PULIKONDA,Kapu,medium
PULIPAKA,Kamma,medium
PULIPATI,Kamma,medium
PULIVARTHI,Kamma,medium
PULLA,Kapu,medium
PULLELA,Kamma,medium
PULUKURI,Kamma,medium
PUNATI,Kamma,medium
PUNUGOTI,Kamma,medium
PUNUKOLLU,Kamma,medium
PUPPALA,Kapu,medium
PURAM,Kapu,low
PURAMA,Kapu,medium
PURETI,Kamma,medium
PUSUKURI,Kamma,medium
PUSULURI,Kamma,medium
PUSULURU,Kamma,medium
PUTTA,Kapu,medium
PUTTAGUNTA,Kamma,medium
PUTTI,Brahmin,medium
PUTUMBAKA,Kamma,medium
PUVADA,Kamma,medium
PUVVADA,Kamma,high
PUVVADI,Kamma,medium
PYDI,Kapu,medium
PYDIMARRI,Kamma,medium
PYNENI,Kamma,medium
RAAVI,Kapu,medium
RACHAKONDA,Velama,medium
RACHAMALLA,Kapu,medium
RACHAPUDI,Kamma,medium
RACHURI,Kamma,medium
RAGHAVARAPU,Kapu,medium
RAJAVARAPU,Kamma,medium
RALLABANDI,Kamma,medium
RALLAPALLI,Kamma,medium
RAMANENI,Kamma,medium
RAMAVARAPU,Kamma,medium
RAMAVATH,ST,high
RAMINENI,Kamma,high
RAMISETTI,Vysya,high
RAMISETTY,Vysya,high
RANGI,Kapu,medium
RANGISETTI,Vysya,high
RAPAKA,Kamma,medium
RAPARLA,Kamma,medium
RAPURU,Kamma,medium
RATALA,Kapu,medium
RATNALA,Kamma,medium
RAVAVARAPU,Kamma,medium
RAVELA,Kamma,high
RAVELLA,Kamma,high
RAVI,Kamma,medium
RAVIKRINDI,Kamma,medium
RAVIPATI,Kamma,high
RAVIPUDI,Kamma,medium
RAVULA,Kapu,medium
RAVULAPALLI,Kamma,medium
RAVURI,Kamma,high
RAVURU,Kamma,medium
RAYA,Kapu,medium
RAYALA,Kapu,medium
RAYALLA,Kamma,medium
RAYANA,Kamma,medium
RAYANKULA,Kapu,medium
RAYAPATI,Kamma,high
RAYAPUDI,Kamma,medium
RAYAVARAPU,Kamma,medium
RAYIDI,Kamma,medium
RAYIPATI,Kamma,medium
REDDI,Kamma,medium
REDDY,Reddy,high
REDDYBATTULA,Reddy,high
REDROWTHU,Kapu,medium
REGULA,Kamma,medium
REMALLA,Kamma,medium
REMINISETTI,Vysya,high
REMINISETTY,Vysya,high
RENDUCHINTALA,Kamma,medium
REPALLE,Kamma,medium
REVINISETTY,Vysya,high
RIMMALAPUDI,Kamma,medium
RUDRA,Kapu,medium
RUDRARAJU,Kamma,high
RUDRU,Kapu,high
SABBINENI,Kamma,medium
SADA,Kapu,medium
SADINENI,Kamma,medium
SADU,Kapu,medium
SAGANTI,Kamma,medium
SAJJA,Kapu,medium
SAKAMURI,Kamma,medium
SAKHAMURI,Kamma,medium
SAKINENI,Kamma,medium
SALADI,Kamma,medium
SALIVENDRA,SC,medium
SAMINENI,Kamma,medium
SAMMETA,Kamma,medium
SANAGALA,Kapu,medium
SANAGAPALLI,Kamma,medium
SANAGARAPU,Kamma,medium
SANAKA,Kamma,medium
SANAKAM,Kapu,medium
SANAM,Kapu,medium
SANAMPUDI,Kapu,medium
SANDIREDDY,Reddy,high
SANDU,Kapu,medium
SANIKOMMU,Kapu,medium
SANKA,Brahmin,medium
SANKURATRI,Kamma,medium
SANKURU,Kamma,medium
SANNA,Kamma,medium
SANNEBOYINA,Kamma,medium
SARAMEKALA,SC,medium
SAREDDU,Kamma,medium
SARIGALA,Kapu,medium
SATHRASALA,Kamma,medium
SATTI,Kapu,medium
SATULURI,Kamma,medium
SAVARAM,Kamma,medium
SAYANA,Kapu,medium
SAYYAD,Muslim,high
SEELAM,Kapu,medium
SEERAM,Kapu,medium
SETTI,Vysya,high
SETTIPALLI,Kapu,medium
SHA,Muslim,medium
SHAIK,Muslim,high
SHEK,Muslim,medium
SIGHAKOLLI,Kamma,medium
SIGIRISETTY,Vysya,high
SIKHA,Kapu,medium
SIMHADRI,Kapu,medium
SINGAMANENI,Kamma,medium
SINGAMSETTI,Vysya,high
SINGAMSETTY,Vysya,high
SINGAVARAPU,Kamma,medium
SINGU,Kamma,medium
SINGULURI,Kamma,medium
SINKA,Kapu,medium
SIRAMSETTY,Vysya,high
SIRIKONDA,Kamma,medium
SIRIMAVILLA,Kamma,medium
SIRIPURAPU,Kamma,medium
SOMAVARAPU,Kamma,medium
SOMEPALLI,Kamma,medium
SOMISETTY,Vysya,high
SOMPALLI,Kamma,medium
SOMURI,Kamma,medium
SONTINENI,Kamma,medium
SRIPATHI,Brahmin,medium
SRIPATI,Kamma,medium
SRIRAMULA,Kamma,medium
SRUNGARAPATI,Kamma,medium
SRUNGARAPU,Kamma,medium
SRUNGAVARAPU,Kamma,medium
SUDANAGUNTA,Kamma,medium
SUDIREDDY,Reddy,high
SUGASANI,Kamma,medium
SUKHAVASI,Kamma,medium
SUNKARA,Kamma,high
SUNKAVALLI,Kamma,medium
SURAMPALLI,Kamma,medium
SURAPANENI,Kamma,high
SURE,Kapu,medium
SUREDDI,Reddy,high
SUREDDY,Reddy,high
SURI,Kamma,medium
SURYADEVARA,Kamma,high
SUVARNAGANTI,Kamma,medium
SWAMY,Brahmin,low
SYED,Muslim,high
SYKAM,Kapu,medium
TADEPALLI,Kamma,medium
TADI,Kapu,medium
TADIBOINA,Kamma,high
TADIBOYANA,Kamma,high
TADIBOYENA,Kamma,medium
TADIBOYINA,Kamma,high
TADIKAMALLA,Kamma,medium
TADIKONDA,Kamma,high
TADIPINENI,Kamma,medium
TADISETTI,Vysya,high
TADISETTY,Vysya,high
TAJBASHA,Muslim,medium
TALAPANENI,Kamma,medium
TALASALA,Kamma,medium
TALASILA,Brahmin,high
TALLA,Kamma,medium
TALLAM,Kamma,medium
TALLAPALLI,Kamma,medium
TALLAPANENI,Kamma,medium
TALLURI,Kamma,high
TALLURU,Kamma,high
TAMMA,Kapu,medium
TAMMANA,Kapu,medium
TAMMAREDDI,Reddy,high
TAMMINA,Kamma,medium
TAMMINEEDI,Kamma,medium
TAMMINENI,Kamma,medium
TAMMISETTY,Vysya,high
TANGELLA,Kamma,medium
TANGUTURI,Kamma,medium
TANKALA,Kapu,medium
TANNERU,Kamma,medium
TARA,Kamma,medium
TARI,Kapu,medium
TARIGOPPULA,Kamma,high
TARIGOPULA,Kamma,high
TATA,Kamma,medium
TATI,Kapu,medium
TATIKONDA,Kamma,medium
TATINENI,Kamma,medium
TATIPARTHI,Kamma,medium
TAVVA,Kapu,medium
TAYI,Kapu,medium
TELAMEKALA,SC,medium
TELLA,Kapu,medium
TELLAKULA,Kamma,medium
TELLAMEKALA,SC,medium
TEMPALLI,Kamma,medium
THADIBOINA,Kamma,high
THALLAM,Kamma,medium
THALLURI,Kamma,high
THAMMINEEDI,Kamma,high
THANNIRU,Kamma,medium
THARIGOPULA,Kamma,medium
THATI,Kapu,medium
THATINENI,Kamma,medium
THELLA,Kapu,medium
THINNAVALLI,Kamma,medium
THIRUMALASETTY,Vysya,high
THOKA,Kapu,medium
THOKALA,Kamma,medium
THOLU,Kamma,medium
THONDAPU,Kamma,medium
THONDEPU,Kapu,medium
THOTA,Kapu,high
THOTAKURA,Kapu,medium
THOTTEMPUDI,Kamma,medium
THULLURU,Kamma,medium
THUMATI,Kamma,medium
THUMMALA,Kamma,high
THUMMAPUDI,Kamma,medium
THUMMURU,Kamma,medium
THUMU,Kapu,medium
THUNGALA,Kapu,medium
TIMMIDI,Kamma,medium
TIMMISETTY,Vysya,high
TINNAVALLI,Kapu,medium
TIPERNENI,Kamma,medium
TIPIRNENI,Kamma,medium
TIRIVEEDHI,Brahmin,medium
TIRUMALASETTI,Vysya,high
TIRUMALASETTY,Vysya,high
TIRUVEEDHULA,Brahmin,medium
TIYYAGURA,Kamma,medium
TOGITI,Kamma,medium
TOKALA,Kamma,high
TOLETI,Kamma,medium
TONDEPU,Kapu,medium
TOTA,Kapu,high
TRIPURANENI,Kamma,high
TUBATI,Kapu,medium
TULASI,SC,medium
TULLIMILLI,Kamma,medium
TUMMALA,Kamma,high
TUMMAPUDI,Kamma,medium
TUMMURU,Kamma,medium
TUMU,Kamma,medium
TUNGA,Kamma,medium
TUNGALA,Kapu,medium
TUNUGUNTLA,Kamma,medium
TURAGA,Kamma,medium
TURAKA,Muslim,medium
TURLAPATI,Kamma,medium
UDARAPU,Kamma,medium
UDDARAJU,Kamma,medium
ULAVA,Kapu,medium
ULLAM,Kapu,medium
UMMADISETTY,Vysya,high
UMMADIVARAPU,Kamma,medium
UNDAVALLI,Kamma,medium
UNDEVALLI,Kamma,medium
UNNAM,Kamma,medium
UNNAVA,Kamma,medium
UPPALA,Kapu,medium
UPPALAPATI,Kamma,high
UPPU,Kamma,medium
UPPULURI,Kamma,medium
UPPULURU,Kamma,medium
UPPUTURI,Kamma,medium
URIMI,Kamma,medium
UTLA,Kamma,medium
VAAKA,Kamma,medium
VADAPALLI,Kapu,medium
VADDE,SC,medium
VADDEMPUDI,Kamma,medium
VADDI,Kapu,medium
VADDINENI,Kamma,high
VADDURI,Kamma,medium
VADLADI,Kamma,medium
VADLAMUDI,Kamma,high
VADLAPATLA,Kamma,medium
VADLAPUDI,Kamma,medium
VAJJA,Kamma,high
VAJRALA,Kamma,medium
VAKA,Kapu,medium
VAKACHARLA,Kamma,medium
VAKKALAGADDA,Kamma,medium
VALAPARLA,Kamma,high
VALAVALA,Kapu,medium
VALETI,Kamma,medium
VALIREDDY,Reddy,high
VALIVETI,Kamma,medium
VALLABANENI,Kamma,high
VALLABHANENI,Kamma,high
VALLABHAPURAM,Kamma,medium
VALLAMSETTI,Vysya,high
VALLAMSETTY,Vysya,high
VALLBHANENI,Kamma,high
VALLEPALLI,Kamma,medium
VALLURI,Kamma,high
VALLURIPALLI,Kamma,medium
VALLURU,Kamma,high
VALLURUPALLI,Kamma,medium
VANAMA,Kamma,medium
VANGA,Kapu,medium
VANGALA,Kapu,medium
VANIMIREDDY,Reddy,high
VANKAYALA,Kamma,medium
VANKAYALAPATI,Kamma,medium
VANKINENI,Kamma,medium
VANTIPALLI,Kamma,medium
VANUKURI,Kamma,medium
VANUKURU,Kamma,medium
VARADA,Kapu,medium
VARIKALLU,Kapu,medium
VASA,Kamma,high
VASIREDDY,Reddy,high
VATTIGORLA,Kamma,medium
VATTIKONDA,Kamma,medium
VATTIKUTI,Kamma,high
VAZRALA,Kapu,medium
VEERAGANDHAM,Kamma,medium
VEERAMACHANENI,Kamma,high
VEERAMACHINENI,Kamma,high
VEERANKI,Kamma,medium
VEERAPANENI,Kamma,medium
VEERAVALLI,Kamma,high
VEEREPALLI,Kamma,medium
VEERLA,Kapu,medium
VEERNALA,Kapu,medium
VEESAM,Kapu,medium
VEGESANA,Kamma,medium
VEGESNA,Kamma,medium
VEJANDLA,Kamma,medium
VEJENDLA,Kamma,medium
VELAGA,Kapu,medium
VELAGALETI,Kamma,medium
VELAGAPUDI,Kamma,high
VELICHETI,Kapu,medium
VELIMICHARLA,Kamma,medium
VELINENI,Kamma,medium
VELIVELA,Kapu,medium
VELLANKI,Kamma,medium
VELPURI,Kamma,medium
VELURI,Kamma,medium
VELUVOLU,Kamma,medium
VEMISETTY,Vysya,high
VEMPARALA,Kamma,high
VEMPATI,Kamma,medium
VEMULA,Kapu,medium
VEMULAPALLI,Kamma,high
VEMURI,Kamma,high
VEMURU,Kamma,high
VENIGALLA,Kamma,medium
VENIGANDLA,Kamma,medium
VENNAM,Kamma,medium
VEPURI,Kamma,medium
VILASAGARAPU,Kamma,medium
VINJAMURI,Brahmin,medium
VINNAKOTA,Kamma,medium
VIPPARLA,Kamma,medium
VIRIGINENI,Kamma,medium
VISHNUMOLAKALA,Kamma,medium
VISTALLA,Kamma,medium
VISWANATHUNI,Brahmin,medium
VOLETI,Kamma,high
VOOTLA,Kapu,medium
VUDUMULA,Kamma,medium
VUGGIRALA,Kamma,medium
VULAVA,Kapu,medium
VUMMANENI,Kamma,medium
VUNNAM,Kamma,medium
VUNNAVA,Kamma,medium
VUPPALA,Kamma,medium
VUPPULURI,Kamma,medium
VUTLA,Kapu,medium
VUTUKURI,Kamma,medium
VUYYURU,Kamma,medium
YADALA,Yadava,medium
YADLA,Kapu,medium
YADLAPALLI,Kamma,medium
YADLAPATI,Kamma,medium
YADLLURI,Kamma,medium
YADLURI,Kamma,medium
YAKKALA,Kapu,medium
YAKKALI,Kapu,medium
YALAMANCHALI,Kamma,high
YALAMANCHI,Kamma,high
YALAMANCHILI,Kamma,high
YALAVARTHI,Kamma,medium
YALAVARTI,Kamma,medium
YALLA,Kapu,medium
YALLANKI,Kamma,medium
YAMALA,Kapu,medium
YAMANI,Kamma,medium
YAMARTHI,Kamma,medium
YAMPARALA,Kamma,medium
YANAMADALA,Kamma,medium
YANAMADDI,Kamma,medium
YANDRATHI,Kamma,medium
YANGALADASU,SC,medium
YANGALASETTY,Vysya,high
YANNAMANI,Kamma,medium
YARAGUNTA,Kamma,medium
YARAMASU,Kamma,medium
YARKAREDDY,Reddy,high
YARLAGADDA,Kamma,high
YARRA,Kapu,medium
YARRAGOPU,Kapu,medium
YARRAGUNTA,Kamma,medium
YARRAGUNTLA,Kamma,medium
YARRAM,Kamma,medium
YARRAMANENI,Kamma,medium
YARRAMASU,Kamma,medium
YARRAMMANENI,Kamma,medium
YARRAMNENI,Kamma,medium
YARRAMREDDY,Reddy,high
YARRAMSETTY,Vysya,high
YEDDU,Kapu,medium
YEDDURI,Kamma,medium
YEDLA,Kamma,medium
YEDLAPALLI,Kamma,medium
YEDLURI,Kamma,medium
YEDUPATI,Kamma,medium
YELAMANCHI,Kapu,medium
YELAMANCHILI,Kamma,high
YELAVARTHI,Kamma,medium
YELLA,Kapu,medium
YELLAMILLI,Kamma,medium
YEMINENI,Kamma,medium
YEMPARALA,Kamma,medium
YENDAPALLI,Kamma,medium
YENDLURI,Kamma,medium
YENDURI,Kamma,medium
YENIGALLA,Kamma,medium
YENIGANDLA,Kamma,medium
YENIKAPATI,Kamma,medium
YENIKEPATI,Kamma,medium
YENIMIREDDY,Reddy,high
YENISETTI,Vysya,high
YENUGANTI,Kamma,medium
YENUMULA,Kamma,medium
YEPURI,Kapu,medium
YERNENI,Kamma,medium
YERRA,Kapu,medium
YERRAGOPU,Kapu,medium
YERRAMANENI,Kamma,medium
YERRAMASU,Kamma,medium
YERRAMSETTY,Vysya,high
YERROJU,Kamma,medium
YERUVA,Kapu,medium
YETUKURI,Kamma,medium
